#,stock_tick,stock_marketName,stock_isInfoAvailable
1,000020,KOSPI,1
2,000040,KOSPI,1
3,000050,KOSPI,1
4,000060,KOSPI,1
5,000070,KOSPI,1
6,000075,KOSPI,1
7,000080,KOSPI,1
8,000087,KOSPI,1
9,000100,KOSPI,1
10,000105,KOSPI,1
11,000120,KOSPI,1
12,000140,KOSPI,1
13,000145,KOSPI,1
14,000150,KOSPI,1
15,000155,KOSPI,1
16,000157,KOSPI,1
17,000180,KOSPI,1
18,000210,KOSPI,1
19,000215,KOSPI,1
20,000220,KOSPI,1
21,000225,KOSPI,1
22,000227,KOSPI,1
23,000230,KOSPI,1
24,000240,KOSPI,1
25,000250,KOSDAQ,1
26,000270,KOSPI,1
27,000300,KOSPI,1
28,000320,KOSPI,1
29,000325,KOSPI,1
30,000370,KOSPI,1
31,000390,KOSPI,1
32,000400,KOSPI,1
33,000430,KOSPI,1
34,000440,KOSDAQ,1
35,000480,KOSPI,1
36,000490,KOSPI,1
37,000500,KOSPI,1
38,000520,KOSPI,1
39,000540,KOSPI,1
40,000545,KOSPI,1
41,000547,KOSPI,1
42,000590,KOSPI,1
43,000640,KOSPI,1
44,000650,KOSPI,1
45,000660,KOSPI,1
46,000670,KOSPI,1
47,000680,KOSPI,1
48,000700,KOSPI,1
49,000720,KOSPI,1
50,000725,KOSPI,1
51,000760,KOSPI,1
52,000810,KOSPI,1
53,000815,KOSPI,1
54,000850,KOSPI,1
55,000860,KOSPI,1
56,000880,KOSPI,1
57,000885,KOSPI,1
58,00088K,KOSPI,1
59,000890,KOSPI,1
60,000910,KOSPI,1
61,000950,KOSPI,1
62,000970,KOSPI,1
63,000990,KOSPI,1
64,000995,KOSPI,1
65,001000,KOSDAQ,1
66,001020,KOSPI,1
67,001040,KOSPI,1
68,001045,KOSPI,1
69,00104K,KOSPI,1
70,001060,KOSPI,1
71,001065,KOSPI,1
72,001067,KOSPI,1
73,001070,KOSPI,1
74,001080,KOSPI,1
75,001120,KOSPI,1
76,001130,KOSPI,1
77,001140,KOSPI,1
78,001200,KOSPI,1
79,001210,KOSPI,1
80,001230,KOSPI,1
81,001250,KOSPI,1
82,001260,KOSPI,1
83,001270,KOSPI,1
84,001275,KOSPI,1
85,001290,KOSPI,1
86,001340,KOSPI,1
87,001360,KOSPI,1
88,001380,KOSPI,1
89,001390,KOSPI,1
90,001420,KOSPI,1
91,001430,KOSPI,1
92,001440,KOSPI,1
93,001450,KOSPI,1
94,001460,KOSPI,1
95,001465,KOSPI,1
96,001470,KOSPI,1
97,001500,KOSPI,1
98,001510,KOSPI,1
99,001515,KOSPI,1
100,001520,KOSPI,1
101,001525,KOSPI,1
102,001527,KOSPI,1
103,001529,KOSPI,1
104,001530,KOSPI,1
105,001540,KOSDAQ,1
106,001550,KOSPI,1
107,001560,KOSPI,1
108,001570,KOSPI,1
109,001620,KOSPI,1
110,001630,KOSPI,1
111,001680,KOSPI,1
112,001685,KOSPI,1
113,001720,KOSPI,1
114,001725,KOSPI,1
115,001740,KOSPI,1
116,001745,KOSPI,1
117,001750,KOSPI,1
118,001755,KOSPI,1
119,001770,KOSPI,1
120,001780,KOSPI,1
121,001790,KOSPI,1
122,001795,KOSPI,1
123,001800,KOSPI,1
124,001810,KOSDAQ,1
125,001820,KOSPI,1
126,001840,KOSDAQ,1
127,001880,KOSPI,1
128,001940,KOSPI,1
129,002020,KOSPI,1
130,002025,KOSPI,1
131,002030,KOSPI,1
132,002070,KOSPI,1
133,002100,KOSPI,1
134,002140,KOSPI,1
135,002150,KOSPI,1
136,002170,KOSPI,1
137,002200,KOSPI,1
138,002210,KOSPI,1
139,002220,KOSPI,1
140,002230,KOSDAQ,1
141,002240,KOSPI,1
142,002270,KOSPI,1
143,002290,KOSDAQ,1
144,002310,KOSPI,1
145,002320,KOSPI,1
146,002350,KOSPI,1
147,002355,KOSPI,1
148,002360,KOSPI,1
149,002380,KOSPI,1
150,002390,KOSPI,1
151,002410,KOSPI,1
152,002420,KOSPI,1
153,002450,KOSPI,1
154,002460,KOSPI,1
155,002600,KOSPI,1
156,002620,KOSPI,1
157,002630,KOSPI,1
158,002680,KOSDAQ,1
159,002690,KOSPI,1
160,002700,KOSPI,1
161,002710,KOSPI,1
162,002720,KOSPI,1
163,002760,KOSPI,1
164,002780,KOSPI,1
165,002785,KOSPI,1
166,002787,KOSPI,1
167,002790,KOSPI,1
168,002795,KOSPI,1
169,00279K,KOSPI,1
170,002800,KOSDAQ,1
171,002810,KOSPI,1
172,002820,KOSPI,1
173,002840,KOSPI,1
174,002870,KOSPI,1
175,002880,KOSPI,1
176,002900,KOSPI,1
177,002920,KOSPI,1
178,002960,KOSPI,1
179,002990,KOSPI,1
180,002995,KOSPI,1
181,003000,KOSPI,1
182,003010,KOSPI,1
183,003030,KOSPI,1
184,003060,KOSPI,1
185,003070,KOSPI,1
186,003075,KOSPI,1
187,003080,KOSPI,1
188,003090,KOSPI,1
189,003100,KOSDAQ,1
190,003120,KOSPI,1
191,003160,KOSPI,1
192,003200,KOSPI,1
193,003220,KOSPI,1
194,003230,KOSPI,1
195,003240,KOSPI,1
196,003280,KOSPI,1
197,003300,KOSPI,1
198,003310,KOSDAQ,1
199,003350,KOSPI,1
200,003380,KOSDAQ,1
201,003410,KOSPI,1
202,003460,KOSPI,1
203,003465,KOSPI,1
204,003470,KOSPI,1
205,003475,KOSPI,1
206,003480,KOSPI,1
207,003490,KOSPI,1
208,003495,KOSPI,1
209,003520,KOSPI,1
210,003530,KOSPI,1
211,003535,KOSPI,1
212,003540,KOSPI,1
213,003545,KOSPI,1
214,003547,KOSPI,1
215,003550,KOSPI,1
216,003555,KOSPI,1
217,003560,KOSPI,1
218,003570,KOSPI,1
219,003580,KOSPI,1
220,003610,KOSPI,1
221,003620,KOSPI,1
222,003650,KOSPI,1
223,003670,KOSPI,1
224,003680,KOSPI,1
225,003690,KOSPI,1
226,003720,KOSPI,1
227,003780,KOSPI,1
228,003800,KOSDAQ,1
229,003830,KOSPI,1
230,003850,KOSPI,1
231,003920,KOSPI,1
232,003925,KOSPI,1
233,003960,KOSPI,1
234,004000,KOSPI,1
235,004020,KOSPI,1
236,004060,KOSPI,1
237,004080,KOSPI,1
238,004090,KOSPI,1
239,004100,KOSPI,1
240,004105,KOSPI,1
241,004140,KOSPI,1
242,004150,KOSPI,1
243,004170,KOSPI,1
244,004250,KOSPI,1
245,004255,KOSPI,1
246,004270,KOSPI,1
247,004310,KOSPI,1
248,004360,KOSPI,1
249,004365,KOSPI,1
250,004370,KOSPI,1
251,004380,KOSPI,1
252,004410,KOSPI,1
253,004415,KOSPI,1
254,004430,KOSPI,1
255,004440,KOSPI,1
256,004450,KOSPI,1
257,004490,KOSPI,1
258,004540,KOSPI,1
259,004545,KOSPI,1
260,004560,KOSPI,1
261,004565,KOSPI,1
262,004590,KOSDAQ,1
263,004650,KOSDAQ,1
264,004690,KOSPI,1
265,004700,KOSPI,1
266,004710,KOSPI,1
267,004720,KOSPI,1
268,004770,KOSPI,1
269,004780,KOSDAQ,1
270,004800,KOSPI,1
271,004830,KOSPI,1
272,004835,KOSPI,1
273,004840,KOSPI,1
274,004870,KOSPI,1
275,004890,KOSPI,1
276,004910,KOSPI,1
277,004920,KOSPI,1
278,004960,KOSPI,1
279,004970,KOSPI,1
280,004980,KOSPI,1
281,004985,KOSPI,1
282,004990,KOSPI,1
283,00499K,KOSPI,1
284,005010,KOSPI,1
285,005030,KOSPI,1
286,005070,KOSPI,1
287,005090,KOSPI,1
288,005110,KOSPI,1
289,005160,KOSDAQ,1
290,005180,KOSPI,1
291,005250,KOSPI,1
292,005257,KOSPI,1
293,005290,KOSDAQ,1
294,005300,KOSPI,1
295,005305,KOSPI,1
296,005320,KOSPI,1
297,005360,KOSPI,1
298,005380,KOSPI,1
299,005385,KOSPI,1
300,005387,KOSPI,1
301,005389,KOSPI,1
302,005390,KOSPI,1
303,005420,KOSPI,1
304,005430,KOSPI,1
305,005440,KOSPI,1
306,005490,KOSPI,1
307,005500,KOSPI,1
308,005610,KOSPI,1
309,005670,KOSDAQ,1
310,005680,KOSPI,1
311,005690,KOSPI,1
312,005710,KOSDAQ,1
313,005720,KOSPI,1
314,005725,KOSPI,1
315,005740,KOSPI,1
316,005745,KOSPI,1
317,005750,KOSPI,1
318,005800,KOSPI,1
319,005810,KOSPI,1
320,005820,KOSPI,1
321,005830,KOSPI,1
322,005850,KOSPI,1
323,005860,KOSDAQ,1
324,005870,KOSPI,1
325,005880,KOSPI,1
326,005930,KOSPI,1
327,005935,KOSPI,1
328,005940,KOSPI,1
329,005945,KOSPI,1
330,005950,KOSPI,1
331,005960,KOSPI,1
332,005965,KOSPI,1
333,005990,KOSDAQ,1
334,006040,KOSPI,1
335,006050,KOSDAQ,1
336,006060,KOSPI,1
337,006090,KOSPI,1
338,006110,KOSPI,1
339,006120,KOSPI,1
340,006125,KOSPI,1
341,006140,KOSDAQ,1
342,006200,KOSPI,1
343,006220,KOSPI,1
344,006260,KOSPI,1
345,006280,KOSPI,1
346,006340,KOSPI,1
347,006345,KOSPI,1
348,006360,KOSPI,1
349,006370,KOSPI,1
350,006380,KOSPI,1
351,006390,KOSPI,1
352,006400,KOSPI,1
353,006405,KOSPI,1
354,006490,KOSPI,1
355,006570,KOSPI,1
356,006580,KOSDAQ,1
357,006620,KOSDAQ,1
358,006650,KOSPI,1
359,006660,KOSPI,1
360,006730,KOSDAQ,1
361,006740,KOSPI,1
362,006800,KOSPI,1
363,006805,KOSPI,1
364,00680K,KOSPI,1
365,006840,KOSPI,1
366,006880,KOSPI,1
367,006890,KOSPI,1
368,006910,KOSDAQ,1
369,006920,KOSDAQ,1
370,006980,KOSPI,1
371,007070,KOSPI,1
372,007110,KOSPI,1
373,007120,KOSPI,1
374,007160,KOSPI,1
375,007210,KOSPI,1
376,007280,KOSPI,1
377,007310,KOSPI,1
378,007330,KOSDAQ,1
379,007340,KOSPI,1
380,007370,KOSDAQ,1
381,007390,KOSDAQ,1
382,007460,KOSPI,1
383,007530,KOSDAQ,1
384,007540,KOSPI,1
385,007570,KOSPI,1
386,007575,KOSPI,1
387,007590,KOSPI,1
388,007610,KOSPI,1
389,007630,KOSPI,1
390,007660,KOSPI,1
391,007680,KOSDAQ,1
392,007690,KOSPI,1
393,007700,KOSPI,1
394,007720,KOSDAQ,1
395,007770,KOSDAQ,1
396,007810,KOSPI,1
397,007815,KOSPI,1
398,00781K,KOSPI,1
399,007820,KOSDAQ,1
400,007860,KOSPI,1
401,007980,KOSPI,1
402,008040,KOSPI,1
403,008060,KOSPI,1
404,00806K,KOSPI,1
405,008110,KOSPI,1
406,008250,KOSPI,1
407,008260,KOSPI,1
408,008290,KOSDAQ,1
409,008350,KOSPI,1
410,008355,KOSPI,1
411,008370,KOSDAQ,1
412,008420,KOSPI,1
413,008470,KOSDAQ,1
414,008490,KOSPI,1
415,008500,KOSPI,1
416,008560,KOSPI,1
417,008600,KOSPI,1
418,008700,KOSPI,1
419,008730,KOSPI,1
420,008770,KOSPI,1
421,008775,KOSPI,1
422,008830,KOSDAQ,1
423,008870,KOSPI,1
424,008930,KOSPI,1
425,008970,KOSPI,1
426,009070,KOSPI,1
427,009140,KOSPI,1
428,009150,KOSPI,1
429,009155,KOSPI,1
430,009160,KOSPI,1
431,009180,KOSPI,1
432,009190,KOSPI,1
433,009200,KOSPI,1
434,009240,KOSPI,1
435,009270,KOSPI,1
436,009275,KOSPI,1
437,009290,KOSPI,1
438,009300,KOSDAQ,1
439,009310,KOSPI,1
440,009320,KOSPI,1
441,009410,KOSPI,1
442,009415,KOSPI,1
443,009420,KOSPI,1
444,009440,KOSPI,1
445,009450,KOSPI,1
446,009460,KOSPI,1
447,009470,KOSPI,1
448,009520,KOSDAQ,1
449,009540,KOSPI,1
450,009580,KOSPI,1
451,009620,KOSDAQ,1
452,009680,KOSPI,1
453,009730,KOSDAQ,1
454,009770,KOSPI,1
455,009780,KOSDAQ,1
456,009810,KOSPI,1
457,009830,KOSPI,1
458,009835,KOSPI,1
459,009900,KOSPI,1
460,009970,KOSPI,1
461,010040,KOSPI,1
462,010050,KOSPI,1
463,010060,KOSPI,1
464,010100,KOSPI,1
465,010120,KOSPI,1
466,010130,KOSPI,1
467,010140,KOSPI,1
468,010145,KOSPI,1
469,010170,KOSDAQ,1
470,010240,KOSDAQ,1
471,010280,KOSDAQ,1
472,010400,KOSPI,1
473,010420,KOSPI,1
474,010470,KOSDAQ,1
475,010580,KOSPI,1
476,010600,KOSPI,1
477,010620,KOSPI,1
478,010640,KOSPI,1
479,010660,KOSPI,1
480,010690,KOSPI,1
481,010770,KOSPI,1
482,010780,KOSPI,1
483,010820,KOSPI,1
484,010950,KOSPI,1
485,010955,KOSPI,1
486,010960,KOSPI,1
487,011000,KOSPI,1
488,011040,KOSDAQ,1
489,011070,KOSPI,1
490,011080,KOSDAQ,1
491,011090,KOSPI,1
492,011150,KOSPI,1
493,011155,KOSPI,1
494,011170,KOSPI,1
495,011200,KOSPI,1
496,011210,KOSPI,1
497,011230,KOSPI,1
498,011280,KOSPI,1
499,011300,KOSPI,1
500,011320,KOSDAQ,1
501,011330,KOSPI,1
502,011370,KOSDAQ,1
503,011390,KOSPI,1
504,011420,KOSPI,1
505,011500,KOSPI,1
506,011560,KOSDAQ,1
507,011690,KOSPI,1
508,011700,KOSPI,1
509,011760,KOSPI,1
510,011780,KOSPI,1
511,011785,KOSPI,1
512,011790,KOSPI,1
513,011810,KOSPI,1
514,011930,KOSPI,1
515,012030,KOSPI,1
516,012160,KOSPI,1
517,012170,KOSPI,1
518,012200,KOSPI,1
519,012205,KOSPI,1
520,012280,KOSPI,1
521,012320,KOSPI,1
522,012330,KOSPI,1
523,012340,KOSDAQ,1
524,012450,KOSPI,1
525,012510,KOSPI,1
526,012600,KOSPI,1
527,012610,KOSPI,1
528,012620,KOSDAQ,1
529,012630,KOSPI,1
530,012690,KOSPI,1
531,012700,KOSDAQ,1
532,012750,KOSPI,1
533,012790,KOSDAQ,1
534,012800,KOSPI,1
535,012860,KOSDAQ,1
536,013000,KOSPI,1
537,013030,KOSDAQ,1
538,013120,KOSDAQ,1
539,013310,KOSDAQ,1
540,013360,KOSPI,1
541,013520,KOSPI,1
542,013570,KOSPI,1
543,013580,KOSPI,1
544,013700,KOSPI,1
545,013720,KOSDAQ,1
546,013810,KOSDAQ,1
547,013870,KOSPI,1
548,013890,KOSPI,1
549,013990,KOSDAQ,1
550,014100,KOSDAQ,1
551,014130,KOSPI,1
552,014160,KOSPI,1
553,014190,KOSDAQ,1
554,014200,KOSDAQ,1
555,014280,KOSPI,1
556,014285,KOSPI,1
557,014440,KOSPI,1
558,014470,KOSDAQ,1
559,014530,KOSPI,1
560,014570,KOSDAQ,1
561,014580,KOSPI,1
562,014620,KOSDAQ,1
563,014680,KOSPI,1
564,014710,KOSPI,1
565,014790,KOSPI,1
566,014820,KOSPI,1
567,014825,KOSPI,1
568,014830,KOSPI,1
569,014910,KOSPI,1
570,014915,KOSPI,1
571,014940,KOSDAQ,1
572,014970,KOSDAQ,1
573,014990,KOSPI,1
574,015020,KOSPI,1
575,015230,KOSPI,1
576,015260,KOSPI,1
577,015350,KOSPI,1
578,015360,KOSPI,1
579,015540,KOSPI,1
580,015590,KOSPI,1
581,015710,KOSDAQ,1
582,015750,KOSDAQ,1
583,015760,KOSPI,1
584,015860,KOSPI,1
585,015890,KOSPI,1
586,016090,KOSPI,1
587,016100,KOSDAQ,1
588,016250,KOSDAQ,1
589,016360,KOSPI,1
590,016380,KOSPI,1
591,016385,KOSPI,1
592,016450,KOSPI,1
593,016580,KOSPI,1
594,016590,KOSPI,1
595,016600,KOSDAQ,1
596,016610,KOSPI,1
597,016670,KOSDAQ,1
598,016710,KOSPI,1
599,016740,KOSPI,1
600,016790,KOSDAQ,1
601,016800,KOSPI,1
602,016880,KOSPI,1
603,016920,KOSDAQ,1
604,017000,KOSDAQ,1
605,017040,KOSPI,1
606,017180,KOSPI,1
607,017250,KOSDAQ,1
608,017370,KOSPI,1
609,017390,KOSPI,1
610,017480,KOSDAQ,1
611,017510,KOSDAQ,1
612,017550,KOSPI,1
613,017650,KOSDAQ,1
614,017670,KOSPI,1
615,017800,KOSPI,1
616,017810,KOSPI,1
617,017890,KOSDAQ,1
618,017900,KOSPI,1
619,017940,KOSPI,1
620,017960,KOSPI,1
621,018000,KOSDAQ,1
622,018120,KOSDAQ,1
623,018250,KOSPI,1
624,018260,KOSPI,1
625,018290,KOSDAQ,1
626,018310,KOSDAQ,1
627,018470,KOSPI,1
628,018500,KOSPI,1
629,018620,KOSDAQ,1
630,018670,KOSPI,1
631,018680,KOSDAQ,1
632,018700,KOSDAQ,1
633,018880,KOSPI,1
634,019010,KOSDAQ,1
635,019170,KOSPI,1
636,019175,KOSPI,1
637,019180,KOSPI,1
638,019210,KOSDAQ,1
639,019440,KOSPI,1
640,019490,KOSPI,1
641,019540,KOSDAQ,1
642,019550,KOSDAQ,1
643,019570,KOSDAQ,1
644,019590,KOSDAQ,1
645,019660,KOSDAQ,1
646,019680,KOSPI,1
647,019685,KOSPI,1
648,019770,KOSDAQ,1
649,019990,KOSDAQ,1
650,020000,KOSPI,1
651,020120,KOSPI,1
652,020150,KOSPI,1
653,020180,KOSDAQ,1
654,020400,KOSDAQ,1
655,020560,KOSPI,1
656,020710,KOSDAQ,1
657,020760,KOSPI,1
658,021040,KOSDAQ,1
659,021045,KOSDAQ,1
660,021050,KOSPI,1
661,021080,KOSDAQ,1
662,021240,KOSPI,1
663,021320,KOSDAQ,1
664,021650,KOSDAQ,1
665,021820,KOSPI,1
666,021880,KOSDAQ,1
667,022100,KOSDAQ,1
668,022220,KOSDAQ,1
669,023000,KOSPI,1
670,023150,KOSPI,1
671,023160,KOSDAQ,1
672,023350,KOSPI,1
673,023410,KOSDAQ,1
674,023440,KOSDAQ,1
675,023450,KOSPI,1
676,023460,KOSDAQ,1
677,023530,KOSPI,1
678,023590,KOSPI,1
679,023600,KOSDAQ,1
680,023760,KOSDAQ,1
681,023770,KOSDAQ,1
682,023790,KOSDAQ,1
683,023800,KOSPI,1
684,023810,KOSPI,1
685,023900,KOSDAQ,1
686,023910,KOSDAQ,1
687,023960,KOSPI,1
688,024060,KOSDAQ,1
689,024070,KOSPI,1
690,024090,KOSPI,1
691,024110,KOSPI,1
692,024120,KOSDAQ,1
693,024720,KOSPI,1
694,024740,KOSDAQ,1
695,024800,KOSDAQ,1
696,024810,KOSDAQ,1
697,024830,KOSDAQ,1
698,024840,KOSDAQ,1
699,024850,KOSDAQ,1
700,024880,KOSDAQ,1
701,024890,KOSPI,1
702,024900,KOSPI,1
703,024910,KOSDAQ,1
704,024940,KOSDAQ,1
705,024950,KOSDAQ,1
706,025000,KOSPI,1
707,025320,KOSDAQ,1
708,025440,KOSDAQ,1
709,025530,KOSPI,1
710,025540,KOSPI,1
711,025550,KOSDAQ,1
712,025560,KOSPI,1
713,025620,KOSPI,1
714,025750,KOSPI,1
715,025770,KOSDAQ,1
716,025820,KOSPI,1
717,025860,KOSPI,1
718,025870,KOSDAQ,1
719,025880,KOSDAQ,1
720,025890,KOSPI,1
721,025900,KOSDAQ,1
722,025950,KOSDAQ,1
723,025980,KOSDAQ,1
724,026040,KOSDAQ,1
725,026150,KOSDAQ,1
726,026890,KOSPI,1
727,026910,KOSDAQ,1
728,026940,KOSPI,1
729,026960,KOSPI,1
730,027040,KOSDAQ,1
731,027050,KOSDAQ,1
732,027360,KOSDAQ,1
733,027410,KOSPI,1
734,027580,KOSDAQ,1
735,027710,KOSDAQ,1
736,027740,KOSPI,1
737,027830,KOSDAQ,1
738,027970,KOSPI,1
739,028050,KOSPI,1
740,028080,KOSDAQ,1
741,028100,KOSPI,1
742,028260,KOSPI,1
743,02826K,KOSPI,1
744,028300,KOSDAQ,1
745,028670,KOSPI,1
746,029460,KOSPI,1
747,029480,KOSDAQ,1
748,029530,KOSPI,1
749,029780,KOSPI,1
750,029960,KOSDAQ,1
751,030000,KOSPI,1
752,030190,KOSDAQ,1
753,030200,KOSPI,1
754,030210,KOSPI,1
755,030350,KOSDAQ,1
756,030520,KOSDAQ,1
757,030530,KOSDAQ,1
758,030610,KOSPI,1
759,030720,KOSPI,1
760,030790,KOSPI,1
761,030960,KOSDAQ,1
762,031310,KOSDAQ,1
763,031330,KOSDAQ,1
764,031430,KOSPI,1
765,031440,KOSPI,1
766,031510,KOSDAQ,1
767,031820,KOSPI,1
768,031860,KOSDAQ,1
769,031980,KOSDAQ,1
770,032080,KOSDAQ,1
771,032190,KOSDAQ,1
772,032280,KOSDAQ,1
773,032300,KOSDAQ,1
774,032350,KOSPI,1
775,032500,KOSDAQ,1
776,032540,KOSDAQ,1
777,032560,KOSPI,1
778,032580,KOSDAQ,1
779,032620,KOSDAQ,1
780,032640,KOSPI,1
781,032680,KOSDAQ,1
782,032685,KOSDAQ,1
783,032750,KOSDAQ,1
784,032790,KOSDAQ,1
785,032800,KOSDAQ,1
786,032820,KOSDAQ,1
787,032830,KOSPI,1
788,032850,KOSDAQ,1
789,032860,KOSDAQ,1
790,032940,KOSDAQ,1
791,032960,KOSDAQ,1
792,032980,KOSDAQ,1
793,033050,KOSDAQ,1
794,033100,KOSDAQ,1
795,033130,KOSDAQ,1
796,033160,KOSDAQ,1
797,033170,KOSDAQ,1
798,033180,KOSPI,1
799,033200,KOSDAQ,1
800,033230,KOSDAQ,1
801,033240,KOSPI,1
802,033250,KOSPI,1
803,033270,KOSPI,1
804,033290,KOSDAQ,1
805,033310,KOSDAQ,1
806,033320,KOSDAQ,1
807,033340,KOSDAQ,1
808,033500,KOSDAQ,1
809,033530,KOSPI,1
810,033540,KOSDAQ,1
811,033560,KOSDAQ,1
812,033640,KOSDAQ,1
813,033780,KOSPI,1
814,033790,KOSDAQ,1
815,033830,KOSDAQ,1
816,033920,KOSPI,1
817,034020,KOSPI,1
818,034120,KOSPI,1
819,034220,KOSPI,1
820,034230,KOSDAQ,1
821,034300,KOSPI,1
822,034310,KOSPI,1
823,034590,KOSPI,1
824,034730,KOSPI,1
825,03473K,KOSPI,1
826,034810,KOSDAQ,1
827,03481K,KOSDAQ,1
828,034830,KOSPI,1
829,034940,KOSDAQ,1
830,034950,KOSDAQ,1
831,035000,KOSPI,1
832,035080,KOSDAQ,1
833,035150,KOSPI,1
834,035200,KOSDAQ,1
835,035250,KOSPI,1
836,035290,KOSDAQ,1
837,035420,KOSPI,1
838,035460,KOSDAQ,1
839,035510,KOSPI,1
840,035600,KOSDAQ,1
841,035610,KOSDAQ,1
842,035620,KOSDAQ,1
843,035720,KOSPI,1
844,035760,KOSDAQ,1
845,035810,KOSDAQ,1
846,035890,KOSDAQ,1
847,035900,KOSDAQ,1
848,036000,KOSDAQ,1
849,036010,KOSDAQ,1
850,036030,KOSDAQ,1
851,036090,KOSDAQ,1
852,036120,KOSDAQ,1
853,036170,KOSDAQ,1
854,036180,KOSDAQ,1
855,036190,KOSDAQ,1
856,036200,KOSDAQ,1
857,036420,KOSPI,1
858,036460,KOSPI,1
859,036480,KOSDAQ,1
860,036530,KOSPI,1
861,036540,KOSDAQ,1
862,036560,KOSDAQ,1
863,036570,KOSPI,1
864,036580,KOSPI,1
865,036620,KOSDAQ,1
866,036630,KOSDAQ,1
867,036640,KOSDAQ,1
868,036670,KOSDAQ,1
869,036690,KOSDAQ,1
870,036710,KOSDAQ,1
871,036800,KOSDAQ,1
872,036810,KOSDAQ,1
873,036830,KOSDAQ,1
874,036890,KOSDAQ,1
875,036930,KOSDAQ,1
876,037030,KOSDAQ,1
877,037070,KOSDAQ,1
878,037230,KOSDAQ,1
879,037270,KOSPI,1
880,037330,KOSDAQ,1
881,037350,KOSDAQ,1
882,037370,KOSDAQ,1
883,037400,KOSDAQ,1
884,037440,KOSDAQ,1
885,037460,KOSDAQ,1
886,037560,KOSPI,1
887,037710,KOSPI,1
888,037760,KOSDAQ,1
889,037950,KOSDAQ,1
890,038010,KOSDAQ,1
891,038060,KOSDAQ,1
892,038070,KOSDAQ,1
893,038110,KOSDAQ,1
894,038290,KOSDAQ,1
895,038340,KOSDAQ,1
896,038390,KOSDAQ,1
897,038460,KOSDAQ,1
898,038500,KOSDAQ,1
899,038530,KOSDAQ,1
900,038540,KOSDAQ,1
901,038620,KOSDAQ,1
902,038680,KOSDAQ,1
903,038870,KOSDAQ,1
904,038880,KOSDAQ,1
905,038950,KOSDAQ,1
906,039010,KOSDAQ,1
907,039020,KOSDAQ,1
908,039030,KOSDAQ,1
909,039130,KOSPI,1
910,039200,KOSDAQ,1
911,039240,KOSDAQ,1
912,039290,KOSDAQ,1
913,039310,KOSDAQ,1
914,039340,KOSDAQ,1
915,039420,KOSDAQ,1
916,039440,KOSDAQ,1
917,039490,KOSPI,1
918,039560,KOSDAQ,1
919,039570,KOSPI,1
920,039610,KOSDAQ,1
921,039670,KOSDAQ,1
922,039740,KOSDAQ,1
923,039830,KOSDAQ,1
924,039840,KOSDAQ,1
925,039860,KOSDAQ,1
926,039980,KOSDAQ,1
927,040160,KOSDAQ,1
928,040300,KOSDAQ,1
929,040350,KOSDAQ,1
930,040420,KOSDAQ,1
931,040610,KOSDAQ,1
932,040910,KOSDAQ,1
933,041020,KOSDAQ,1
934,041140,KOSDAQ,1
935,041190,KOSDAQ,1
936,041440,KOSDAQ,1
937,041460,KOSDAQ,1
938,041510,KOSDAQ,1
939,041520,KOSDAQ,1
940,041590,KOSDAQ,1
941,041650,KOSPI,1
942,041830,KOSDAQ,1
943,041910,KOSDAQ,1
944,041920,KOSDAQ,1
945,041930,KOSDAQ,1
946,041960,KOSDAQ,1
947,042000,KOSDAQ,1
948,042040,KOSDAQ,1
949,042110,KOSDAQ,1
950,042370,KOSDAQ,1
951,042420,KOSDAQ,1
952,042500,KOSDAQ,1
953,042510,KOSDAQ,1
954,042520,KOSDAQ,1
955,042600,KOSDAQ,1
956,042660,KOSPI,1
957,042670,KOSPI,1
958,042700,KOSPI,1
959,042940,KOSDAQ,1
960,043090,KOSDAQ,1
961,043100,KOSDAQ,1
962,043150,KOSDAQ,1
963,043200,KOSDAQ,1
964,043220,KOSDAQ,1
965,043260,KOSDAQ,1
966,043340,KOSDAQ,1
967,043360,KOSDAQ,1
968,043370,KOSDAQ,1
969,043590,KOSDAQ,1
970,043610,KOSDAQ,1
971,043650,KOSDAQ,1
972,043710,KOSDAQ,1
973,043910,KOSDAQ,1
974,044060,KOSDAQ,1
975,044180,KOSDAQ,1
976,044340,KOSDAQ,1
977,044380,KOSPI,1
978,044450,KOSPI,1
979,044480,KOSDAQ,1
980,044490,KOSDAQ,1
981,044780,KOSDAQ,1
982,044820,KOSPI,1
983,044960,KOSDAQ,1
984,045060,KOSDAQ,1
985,045100,KOSDAQ,1
986,045300,KOSDAQ,1
987,045340,KOSDAQ,1
988,045390,KOSDAQ,1
989,045510,KOSDAQ,1
990,045520,KOSDAQ,1
991,045660,KOSDAQ,1
992,045970,KOSDAQ,1
993,046070,KOSDAQ,1
994,046110,KOSDAQ,1
995,046120,KOSDAQ,1
996,046140,KOSDAQ,1
997,046210,KOSDAQ,1
998,046310,KOSDAQ,1
999,046390,KOSDAQ,1
1000,046440,KOSDAQ,1
1001,046890,KOSDAQ,1
1002,046940,KOSDAQ,1
1003,046970,KOSDAQ,1
1004,047040,KOSPI,1
1005,047050,KOSPI,1
1006,047080,KOSDAQ,1
1007,047310,KOSDAQ,1
1008,047400,KOSPI,1
1009,047560,KOSDAQ,1
1010,047770,KOSDAQ,1
1011,047810,KOSPI,1
1012,047820,KOSDAQ,1
1013,047920,KOSDAQ,1
1014,048260,KOSDAQ,1
1015,048410,KOSDAQ,1
1016,048430,KOSDAQ,1
1017,048470,KOSDAQ,1
1018,048530,KOSDAQ,1
1019,048550,KOSDAQ,1
1020,048770,KOSDAQ,1
1021,048830,KOSDAQ,1
1022,048870,KOSDAQ,1
1023,048910,KOSDAQ,1
1024,049070,KOSDAQ,1
1025,049080,KOSDAQ,1
1026,049120,KOSDAQ,1
1027,049180,KOSDAQ,1
1028,049430,KOSDAQ,1
1029,049470,KOSDAQ,1
1030,049480,KOSDAQ,1
1031,049520,KOSDAQ,1
1032,049550,KOSDAQ,1
1033,049630,KOSDAQ,1
1034,049720,KOSDAQ,1
1035,049770,KOSPI,1
1036,049800,KOSPI,1
1037,049830,KOSDAQ,1
1038,049950,KOSDAQ,1
1039,049960,KOSDAQ,1
1040,050090,KOSDAQ,1
1041,050110,KOSDAQ,1
1042,050120,KOSDAQ,1
1043,050320,KOSDAQ,1
1044,050540,KOSDAQ,1
1045,050760,KOSDAQ,1
1046,050860,KOSDAQ,1
1047,050890,KOSDAQ,1
1048,050960,KOSDAQ,1
1049,051160,KOSDAQ,1
1050,051360,KOSDAQ,1
1051,051370,KOSDAQ,1
1052,051380,KOSDAQ,1
1053,051390,KOSDAQ,1
1054,051490,KOSDAQ,1
1055,051500,KOSDAQ,1
1056,051600,KOSPI,1
1057,051630,KOSPI,1
1058,051780,KOSDAQ,1
1059,051900,KOSPI,1
1060,051905,KOSPI,1
1061,051910,KOSPI,1
1062,051915,KOSPI,1
1063,051980,KOSDAQ,1
1064,052020,KOSDAQ,1
1065,052190,KOSDAQ,1
1066,052220,KOSDAQ,1
1067,052260,KOSDAQ,1
1068,052300,KOSDAQ,1
1069,052330,KOSDAQ,1
1070,052400,KOSDAQ,1
1071,052420,KOSDAQ,1
1072,052460,KOSDAQ,1
1073,052600,KOSDAQ,1
1074,052670,KOSDAQ,1
1075,052690,KOSPI,1
1076,052710,KOSDAQ,1
1077,052770,KOSDAQ,1
1078,052790,KOSDAQ,1
1079,052860,KOSDAQ,1
1080,052900,KOSDAQ,1
1081,053030,KOSDAQ,1
1082,053050,KOSDAQ,1
1083,053060,KOSDAQ,1
1084,053080,KOSDAQ,1
1085,053110,KOSDAQ,1
1086,053160,KOSDAQ,1
1087,053210,KOSPI,1
1088,053260,KOSDAQ,1
1089,053270,KOSDAQ,1
1090,053280,KOSDAQ,1
1091,053290,KOSDAQ,1
1092,053300,KOSDAQ,1
1093,053350,KOSDAQ,1
1094,053450,KOSDAQ,1
1095,053580,KOSDAQ,1
1096,053590,KOSDAQ,1
1097,053610,KOSDAQ,1
1098,053620,KOSDAQ,1
1099,053660,KOSDAQ,1
1100,053690,KOSPI,1
1101,053700,KOSDAQ,1
1102,053800,KOSDAQ,1
1103,053950,KOSDAQ,1
1104,053980,KOSDAQ,1
1105,054040,KOSDAQ,1
1106,054050,KOSDAQ,1
1107,054090,KOSDAQ,1
1108,054180,KOSDAQ,1
1109,054210,KOSDAQ,1
1110,054220,KOSDAQ,1
1111,054300,KOSDAQ,1
1112,054410,KOSDAQ,1
1113,054450,KOSDAQ,1
1114,054540,KOSDAQ,1
1115,054620,KOSDAQ,1
1116,054630,KOSDAQ,1
1117,054670,KOSDAQ,1
1118,054780,KOSDAQ,1
1119,054800,KOSDAQ,1
1120,054920,KOSDAQ,1
1121,054930,KOSDAQ,1
1122,054940,KOSDAQ,1
1123,054950,KOSDAQ,1
1124,055490,KOSPI,1
1125,055550,KOSPI,1
1126,056000,KOSDAQ,1
1127,056080,KOSDAQ,1
1128,056090,KOSDAQ,1
1129,056190,KOSDAQ,1
1130,056360,KOSDAQ,1
1131,056700,KOSDAQ,1
1132,056730,KOSDAQ,1
1133,057030,KOSDAQ,1
1134,057050,KOSPI,1
1135,057540,KOSDAQ,1
1136,057680,KOSDAQ,1
1137,057880,KOSDAQ,1
1138,058110,KOSDAQ,1
1139,058220,KOSDAQ,1
1140,058400,KOSDAQ,1
1141,058420,KOSDAQ,1
1142,058430,KOSPI,1
1143,058450,KOSDAQ,1
1144,058470,KOSDAQ,1
1145,058530,KOSDAQ,1
1146,058610,KOSDAQ,1
1147,058630,KOSDAQ,1
1148,058650,KOSPI,1
1149,058730,KOSPI,1
1150,058820,KOSDAQ,1
1151,058850,KOSPI,1
1152,058860,KOSPI,1
1153,058970,KOSDAQ,1
1154,059090,KOSDAQ,1
1155,059100,KOSDAQ,1
1156,059120,KOSDAQ,1
1157,059210,KOSDAQ,1
1158,059270,KOSDAQ,1
1159,060150,KOSDAQ,1
1160,060230,KOSDAQ,1
1161,060240,KOSDAQ,1
1162,060250,KOSDAQ,1
1163,060260,KOSDAQ,1
1164,060280,KOSDAQ,1
1165,060300,KOSDAQ,1
1166,060310,KOSDAQ,1
1167,060370,KOSDAQ,1
1168,060380,KOSDAQ,1
1169,060480,KOSDAQ,1
1170,060540,KOSDAQ,1
1171,060560,KOSDAQ,1
1172,060570,KOSDAQ,1
1173,060590,KOSDAQ,1
1174,060720,KOSDAQ,1
1175,060850,KOSDAQ,1
1176,060900,KOSDAQ,1
1177,060980,KOSPI,1
1178,061040,KOSDAQ,1
1179,061250,KOSDAQ,1
1180,061970,KOSDAQ,1
1181,062860,KOSDAQ,1
1182,062970,KOSDAQ,1
1183,063080,KOSDAQ,1
1184,063160,KOSPI,1
1185,063170,KOSDAQ,1
1186,063440,KOSDAQ,1
1187,063570,KOSDAQ,1
1188,063760,KOSDAQ,1
1189,064090,KOSDAQ,1
1190,064240,KOSDAQ,1
1191,064260,KOSDAQ,1
1192,064290,KOSDAQ,1
1193,064350,KOSPI,1
1194,064480,KOSDAQ,1
1195,064510,KOSDAQ,1
1196,064520,KOSDAQ,1
1197,064550,KOSDAQ,1
1198,064760,KOSDAQ,1
1199,064800,KOSDAQ,1
1200,064820,KOSDAQ,1
1201,064850,KOSDAQ,1
1202,064960,KOSPI,1
1203,065060,KOSDAQ,1
1204,065130,KOSDAQ,1
1205,065150,KOSDAQ,1
1206,065170,KOSDAQ,1
1207,065350,KOSDAQ,1
1208,065370,KOSDAQ,1
1209,065420,KOSDAQ,1
1210,065440,KOSDAQ,1
1211,065450,KOSDAQ,1
1212,065500,KOSDAQ,1
1213,065510,KOSDAQ,1
1214,065530,KOSDAQ,1
1215,065560,KOSDAQ,1
1216,065570,KOSDAQ,1
1217,065650,KOSDAQ,1
1218,065660,KOSDAQ,1
1219,065680,KOSDAQ,1
1220,065690,KOSDAQ,1
1221,065710,KOSDAQ,1
1222,065770,KOSDAQ,1
1223,065950,KOSDAQ,1
1224,066110,KOSDAQ,1
1225,066130,KOSDAQ,1
1226,066310,KOSDAQ,1
1227,066360,KOSDAQ,1
1228,066410,KOSDAQ,1
1229,066430,KOSDAQ,1
1230,066570,KOSPI,1
1231,066575,KOSPI,1
1232,066590,KOSDAQ,1
1233,066620,KOSDAQ,1
1234,066670,KOSDAQ,1
1235,066700,KOSDAQ,1
1236,066790,KOSDAQ,1
1237,066900,KOSDAQ,1
1238,066910,KOSDAQ,1
1239,066970,KOSDAQ,1
1240,066980,KOSDAQ,1
1241,067000,KOSDAQ,1
1242,067010,KOSDAQ,1
1243,067080,KOSDAQ,1
1244,067160,KOSDAQ,1
1245,067170,KOSDAQ,1
1246,067280,KOSDAQ,1
1247,067290,KOSDAQ,1
1248,067310,KOSDAQ,1
1249,067390,KOSDAQ,1
1250,067570,KOSDAQ,1
1251,067630,KOSDAQ,1
1252,067730,KOSDAQ,1
1253,067770,KOSDAQ,1
1254,067830,KOSPI,1
1255,067900,KOSDAQ,1
1256,067920,KOSDAQ,1
1257,067990,KOSDAQ,1
1258,068050,KOSDAQ,1
1259,068240,KOSDAQ,1
1260,068270,KOSPI,1
1261,068290,KOSPI,1
1262,068330,KOSDAQ,1
1263,068400,KOSPI,1
1264,068760,KOSDAQ,1
1265,068790,KOSDAQ,1
1266,068930,KOSDAQ,1
1267,068940,KOSDAQ,1
1268,069080,KOSDAQ,1
1269,069110,KOSDAQ,1
1270,069140,KOSDAQ,1
1271,069260,KOSPI,1
1272,069330,KOSDAQ,1
1273,069410,KOSDAQ,1
1274,069460,KOSPI,1
1275,069510,KOSDAQ,1
1276,069540,KOSDAQ,1
1277,069620,KOSPI,1
1278,069640,KOSPI,1
1279,069730,KOSPI,1
1280,069920,KOSDAQ,1
1281,069960,KOSPI,1
1282,070300,KOSDAQ,1
1283,070590,KOSDAQ,1
1284,070960,KOSPI,1
1285,071050,KOSPI,1
1286,071055,KOSPI,1
1287,071090,KOSPI,1
1288,071200,KOSDAQ,1
1289,071280,KOSDAQ,1
1290,071320,KOSPI,1
1291,071460,KOSDAQ,1
1292,071670,KOSDAQ,1
1293,071840,KOSPI,1
1294,071850,KOSDAQ,1
1295,071950,KOSPI,1
1296,071970,KOSPI,1
1297,072020,KOSDAQ,1
1298,072130,KOSPI,1
1299,072470,KOSDAQ,1
1300,072520,KOSDAQ,1
1301,072710,KOSPI,1
1302,072770,KOSDAQ,1
1303,072870,KOSDAQ,1
1304,072950,KOSDAQ,1
1305,072990,KOSDAQ,1
1306,073010,KOSDAQ,1
1307,073110,KOSDAQ,1
1308,073190,KOSDAQ,1
1309,073240,KOSPI,1
1310,073490,KOSDAQ,1
1311,073540,KOSDAQ,1
1312,073560,KOSDAQ,1
1313,073570,KOSDAQ,1
1314,073640,KOSDAQ,1
1315,074430,KOSDAQ,1
1316,074600,KOSDAQ,1
1317,074610,KOSPI,1
1318,075130,KOSDAQ,1
1319,075180,KOSPI,1
1320,075580,KOSPI,1
1321,075970,KOSDAQ,1
1322,076080,KOSDAQ,1
1323,076610,KOSDAQ,1
1324,077360,KOSDAQ,1
1325,077500,KOSPI,1
1326,077970,KOSPI,1
1327,078000,KOSPI,1
1328,078020,KOSDAQ,1
1329,078070,KOSDAQ,1
1330,078130,KOSDAQ,1
1331,078140,KOSDAQ,1
1332,078150,KOSDAQ,1
1333,078160,KOSDAQ,1
1334,078340,KOSDAQ,1
1335,078350,KOSDAQ,1
1336,078520,KOSPI,1
1337,078590,KOSDAQ,1
1338,078600,KOSDAQ,1
1339,078650,KOSDAQ,1
1340,078860,KOSDAQ,1
1341,078890,KOSDAQ,1
1342,078930,KOSPI,1
1343,078935,KOSPI,1
1344,078940,KOSDAQ,1
1345,079000,KOSDAQ,1
1346,079160,KOSPI,1
1347,079170,KOSDAQ,1
1348,079190,KOSDAQ,1
1349,079370,KOSDAQ,1
1350,079430,KOSPI,1
1351,079550,KOSPI,1
1352,079650,KOSDAQ,1
1353,079810,KOSDAQ,1
1354,079940,KOSDAQ,1
1355,079950,KOSDAQ,1
1356,079960,KOSDAQ,1
1357,079970,KOSDAQ,1
1358,079980,KOSPI,1
1359,080000,KOSDAQ,1
1360,080010,KOSDAQ,1
1361,080160,KOSDAQ,1
1362,080220,KOSDAQ,1
1363,080420,KOSDAQ,1
1364,080470,KOSDAQ,1
1365,080520,KOSDAQ,1
1366,080530,KOSDAQ,1
1367,080580,KOSDAQ,1
1368,080720,KOSDAQ,1
1369,081000,KOSPI,1
1370,081150,KOSDAQ,1
1371,081580,KOSDAQ,1
1372,081660,KOSPI,1
1373,082210,KOSDAQ,1
1374,082270,KOSDAQ,1
1375,082640,KOSPI,1
1376,082660,KOSDAQ,1
1377,082740,KOSPI,1
1378,082800,KOSDAQ,1
1379,082850,KOSDAQ,1
1380,082920,KOSDAQ,1
1381,083310,KOSDAQ,1
1382,083420,KOSPI,1
1383,083450,KOSDAQ,1
1384,083470,KOSDAQ,1
1385,083500,KOSDAQ,1
1386,083550,KOSDAQ,1
1387,083640,KOSDAQ,1
1388,083650,KOSDAQ,1
1389,083660,KOSDAQ,1
1390,083790,KOSDAQ,1
1391,083930,KOSDAQ,1
1392,084010,KOSPI,1
1393,084110,KOSDAQ,1
1394,084180,KOSDAQ,1
1395,084370,KOSDAQ,1
1396,084650,KOSDAQ,1
1397,084670,KOSPI,1
1398,084680,KOSPI,1
1399,084690,KOSPI,1
1400,084695,KOSPI,1
1401,084730,KOSDAQ,1
1402,084850,KOSDAQ,1
1403,084870,KOSPI,1
1404,084990,KOSDAQ,1
1405,085310,KOSPI,1
1406,085370,KOSDAQ,1
1407,08537M,KOSDAQ,1
1408,085620,KOSPI,1
1409,085660,KOSDAQ,1
1410,085670,KOSDAQ,1
1411,085810,KOSDAQ,1
1412,085910,KOSDAQ,1
1413,086040,KOSDAQ,1
1414,086060,KOSDAQ,1
1415,086280,KOSPI,1
1416,086390,KOSDAQ,1
1417,086450,KOSDAQ,1
1418,086520,KOSDAQ,1
1419,086670,KOSDAQ,1
1420,086710,KOSDAQ,1
1421,086790,KOSPI,1
1422,086820,KOSDAQ,1
1423,086890,KOSDAQ,1
1424,086900,KOSDAQ,1
1425,086960,KOSDAQ,1
1426,086980,KOSDAQ,1
1427,087010,KOSDAQ,1
1428,087260,KOSDAQ,1
1429,087600,KOSDAQ,1
1430,088130,KOSDAQ,1
1431,088260,KOSPI,1
1432,088290,KOSDAQ,1
1433,088350,KOSPI,1
1434,088390,KOSDAQ,1
1435,088790,KOSPI,1
1436,088800,KOSDAQ,1
1437,088910,KOSDAQ,1
1438,088980,KOSPI,1
1439,089010,KOSDAQ,1
1440,089030,KOSDAQ,1
1441,089140,KOSDAQ,1
1442,089150,KOSDAQ,1
1443,089230,KOSDAQ,1
1444,089470,KOSPI,1
1445,089530,KOSDAQ,1
1446,089590,KOSPI,1
1447,089600,KOSDAQ,1
1448,089790,KOSDAQ,1
1449,089850,KOSDAQ,1
1450,089860,KOSPI,1
1451,089890,KOSDAQ,1
1452,089970,KOSDAQ,1
1453,089980,KOSDAQ,1
1454,090080,KOSPI,1
1455,090150,KOSDAQ,1
1456,090350,KOSPI,1
1457,090355,KOSPI,1
1458,090360,KOSDAQ,1
1459,090370,KOSPI,1
1460,090410,KOSDAQ,1
1461,090430,KOSPI,1
1462,090435,KOSPI,1
1463,090460,KOSDAQ,1
1464,090470,KOSDAQ,1
1465,090710,KOSDAQ,1
1466,090740,KOSDAQ,1
1467,090850,KOSDAQ,1
1468,091090,KOSPI,1
1469,091120,KOSDAQ,1
1470,091340,KOSDAQ,1
1471,091440,KOSDAQ,1
1472,091580,KOSDAQ,1
1473,091590,KOSDAQ,1
1474,091700,KOSDAQ,1
1475,091810,KOSPI,1
1476,091970,KOSDAQ,1
1477,091990,KOSDAQ,1
1478,092040,KOSDAQ,1
1479,092070,KOSDAQ,1
1480,092130,KOSDAQ,1
1481,092190,KOSDAQ,1
1482,092200,KOSPI,1
1483,092220,KOSPI,1
1484,092230,KOSPI,1
1485,092300,KOSDAQ,1
1486,092440,KOSPI,1
1487,092460,KOSDAQ,1
1488,092600,KOSDAQ,1
1489,092730,KOSDAQ,1
1490,092780,KOSPI,1
1491,092870,KOSDAQ,1
1492,093050,KOSPI,1
1493,093190,KOSDAQ,1
1494,093230,KOSPI,1
1495,093240,KOSPI,1
1496,093320,KOSDAQ,1
1497,093370,KOSPI,1
1498,093380,KOSDAQ,1
1499,093520,KOSDAQ,1
1500,093640,KOSDAQ,1
1501,093920,KOSDAQ,1
1502,094170,KOSDAQ,1
1503,094280,KOSPI,1
1504,094360,KOSDAQ,1
1505,094480,KOSDAQ,1
1506,094800,KOSPI,1
1507,094820,KOSDAQ,1
1508,094840,KOSDAQ,1
1509,094850,KOSDAQ,1
1510,094860,KOSDAQ,1
1511,094940,KOSDAQ,1
1512,094970,KOSDAQ,1
1513,095190,KOSDAQ,1
1514,095270,KOSDAQ,1
1515,095340,KOSDAQ,1
1516,095500,KOSDAQ,1
1517,095570,KOSPI,1
1518,095610,KOSDAQ,1
1519,095660,KOSDAQ,1
1520,095700,KOSDAQ,1
1521,095720,KOSPI,1
1522,095910,KOSDAQ,1
1523,096040,KOSDAQ,1
1524,096240,KOSDAQ,1
1525,096300,KOSPI,1
1526,096350,KOSDAQ,1
1527,096530,KOSDAQ,1
1528,096610,KOSDAQ,1
1529,096630,KOSDAQ,1
1530,096640,KOSDAQ,1
1531,096690,KOSDAQ,1
1532,096760,KOSPI,1
1533,096770,KOSPI,1
1534,096775,KOSPI,1
1535,096870,KOSDAQ,1
1536,097230,KOSPI,1
1537,097520,KOSPI,1
1538,097780,KOSDAQ,1
1539,097800,KOSDAQ,1
1540,097870,KOSDAQ,1
1541,097950,KOSPI,1
1542,097955,KOSPI,1
1543,098120,KOSDAQ,1
1544,098460,KOSDAQ,1
1545,098660,KOSDAQ,1
1546,099190,KOSDAQ,1
1547,099220,KOSDAQ,1
1548,099320,KOSDAQ,1
1549,099390,KOSDAQ,1
1550,099410,KOSDAQ,1
1551,099430,KOSDAQ,1
1552,099440,KOSDAQ,1
1553,099520,KOSDAQ,1
1554,099750,KOSDAQ,1
1555,100030,KOSDAQ,1
1556,100090,KOSDAQ,1
1557,100120,KOSDAQ,1
1558,100130,KOSDAQ,1
1559,100220,KOSPI,1
1560,100250,KOSPI,1
1561,100590,KOSDAQ,1
1562,100660,KOSDAQ,1
1563,100700,KOSDAQ,1
1564,100790,KOSDAQ,1
1565,100840,KOSPI,1
1566,101000,KOSDAQ,1
1567,101060,KOSPI,1
1568,101140,KOSPI,1
1569,101160,KOSDAQ,1
1570,101170,KOSDAQ,1
1571,101240,KOSDAQ,1
1572,101330,KOSDAQ,1
1573,101360,KOSDAQ,1
1574,101390,KOSDAQ,1
1575,101400,KOSDAQ,1
1576,101490,KOSDAQ,1
1577,101530,KOSPI,1
1578,101670,KOSDAQ,1
1579,101680,KOSDAQ,1
1580,101730,KOSDAQ,1
1581,101930,KOSDAQ,1
1582,102120,KOSDAQ,1
1583,102260,KOSPI,1
1584,102280,KOSPI,1
1585,102460,KOSPI,1
1586,102710,KOSDAQ,1
1587,102940,KOSDAQ,1
1588,103140,KOSPI,1
1589,103230,KOSDAQ,1
1590,103590,KOSPI,1
1591,103840,KOSDAQ,1
1592,104040,KOSDAQ,1
1593,104200,KOSDAQ,1
1594,104460,KOSDAQ,1
1595,104480,KOSDAQ,1
1596,104540,KOSDAQ,1
1597,104620,KOSDAQ,1
1598,104700,KOSPI,1
1599,104830,KOSDAQ,1
1600,105330,KOSDAQ,1
1601,105550,KOSDAQ,1
1602,105560,KOSPI,1
1603,105630,KOSPI,1
1604,105740,KOSDAQ,1
1605,105840,KOSPI,1
1606,106080,KOSDAQ,1
1607,106190,KOSDAQ,1
1608,106240,KOSDAQ,1
1609,106520,KOSDAQ,1
1610,107590,KOSPI,1
1611,108230,KOSDAQ,1
1612,108320,KOSDAQ,1
1613,108380,KOSDAQ,1
1614,108490,KOSDAQ,1
1615,108670,KOSPI,1
1616,108675,KOSPI,1
1617,108860,KOSDAQ,1
1618,109070,KOSPI,1
1619,109080,KOSDAQ,1
1620,109610,KOSDAQ,1
1621,109740,KOSDAQ,1
1622,109820,KOSDAQ,1
1623,109860,KOSDAQ,1
1624,109960,KOSDAQ,1
1625,110020,KOSDAQ,1
1626,110790,KOSDAQ,1
1627,110990,KOSDAQ,1
1628,111110,KOSPI,1
1629,111710,KOSDAQ,1
1630,111770,KOSPI,1
1631,111870,KOSDAQ,1
1632,112040,KOSDAQ,1
1633,112610,KOSPI,1
1634,113810,KOSDAQ,1
1635,114090,KOSPI,1
1636,114120,KOSDAQ,1
1637,114190,KOSDAQ,1
1638,114450,KOSDAQ,1
1639,114570,KOSDAQ,1
1640,114630,KOSDAQ,1
1641,114810,KOSDAQ,1
1642,114840,KOSDAQ,1
1643,115160,KOSDAQ,1
1644,115180,KOSDAQ,1
1645,115310,KOSDAQ,1
1646,115390,KOSPI,1
1647,115440,KOSDAQ,1
1648,115450,KOSDAQ,1
1649,115480,KOSDAQ,1
1650,115500,KOSDAQ,1
1651,115530,KOSDAQ,1
1652,115570,KOSDAQ,1
1653,115610,KOSDAQ,1
1654,115960,KOSDAQ,1
1655,117580,KOSPI,1
1656,117670,KOSDAQ,1
1657,117730,KOSDAQ,1
1658,118000,KOSPI,1
1659,118990,KOSDAQ,1
1660,119500,KOSDAQ,1
1661,119610,KOSDAQ,1
1662,119650,KOSPI,1
1663,119830,KOSDAQ,1
1664,119850,KOSDAQ,1
1665,119860,KOSDAQ,1
1666,120030,KOSPI,1
1667,120110,KOSPI,1
1668,120115,KOSPI,1
1669,120240,KOSDAQ,1
1670,121440,KOSDAQ,1
1671,121600,KOSDAQ,1
1672,121800,KOSDAQ,1
1673,121850,KOSDAQ,1
1674,121890,KOSDAQ,1
1675,122310,KOSDAQ,1
1676,122350,KOSDAQ,1
1677,122450,KOSDAQ,1
1678,122640,KOSDAQ,1
1679,122690,KOSDAQ,1
1680,122870,KOSDAQ,1
1681,122900,KOSPI,1
1682,122990,KOSDAQ,1
1683,123010,KOSDAQ,1
1684,123040,KOSDAQ,1
1685,123330,KOSDAQ,1
1686,123410,KOSDAQ,1
1687,123420,KOSDAQ,1
1688,123570,KOSDAQ,1
1689,123690,KOSPI,1
1690,123700,KOSPI,1
1691,123750,KOSDAQ,1
1692,123840,KOSDAQ,1
1693,123860,KOSDAQ,1
1694,123890,KOSPI,1
1695,124500,KOSDAQ,1
1696,124560,KOSDAQ,1
1697,125210,KOSDAQ,1
1698,126340,KOSDAQ,1
1699,126560,KOSPI,1
1700,126600,KOSDAQ,1
1701,126640,KOSDAQ,1
1702,126700,KOSDAQ,1
1703,126870,KOSDAQ,1
1704,126880,KOSDAQ,1
1705,127120,KOSDAQ,1
1706,127160,KOSDAQ,1
1707,127710,KOSDAQ,1
1708,128540,KOSDAQ,1
1709,128660,KOSDAQ,1
1710,128820,KOSPI,1
1711,128940,KOSPI,1
1712,129260,KOSPI,1
1713,129890,KOSDAQ,1
1714,130500,KOSDAQ,1
1715,130580,KOSDAQ,1
1716,130660,KOSPI,1
1717,130740,KOSDAQ,1
1718,131030,KOSDAQ,1
1719,131090,KOSDAQ,1
1720,131100,KOSDAQ,1
1721,131180,KOSDAQ,1
1722,131220,KOSDAQ,1
1723,131290,KOSDAQ,1
1724,131370,KOSDAQ,1
1725,131390,KOSDAQ,1
1726,131400,KOSDAQ,1
1727,131760,KOSDAQ,1
1728,131970,KOSDAQ,1
1729,133750,KOSDAQ,1
1730,133820,KOSPI,1
1731,134060,KOSDAQ,1
1732,134380,KOSPI,1
1733,134580,KOSDAQ,1
1734,134790,KOSPI,1
1735,136480,KOSDAQ,1
1736,136490,KOSPI,1
1737,136510,KOSDAQ,1
1738,136540,KOSDAQ,1
1739,137310,KOSPI,1
1740,137400,KOSDAQ,1
1741,137940,KOSDAQ,1
1742,137950,KOSDAQ,1
1743,138040,KOSPI,1
1744,138070,KOSDAQ,1
1745,138080,KOSDAQ,1
1746,138250,KOSPI,1
1747,138360,KOSDAQ,1
1748,138490,KOSPI,1
1749,138580,KOSDAQ,1
1750,138610,KOSDAQ,1
1751,138690,KOSDAQ,1
1752,138930,KOSPI,1
1753,139050,KOSDAQ,1
1754,139130,KOSPI,1
1755,139480,KOSPI,1
1756,139670,KOSDAQ,1
1757,139990,KOSPI,1
1758,140070,KOSDAQ,1
1759,140410,KOSDAQ,1
1760,140520,KOSDAQ,1
1761,140670,KOSDAQ,1
1762,140860,KOSDAQ,1
1763,140910,KOSPI,1
1764,141000,KOSDAQ,1
1765,141020,KOSDAQ,1
1766,141080,KOSDAQ,1
1767,142210,KOSDAQ,1
1768,142280,KOSDAQ,1
1769,142760,KOSDAQ,1
1770,143160,KOSDAQ,1
1771,143210,KOSPI,1
1772,143240,KOSDAQ,1
1773,143540,KOSDAQ,1
1774,144510,KOSDAQ,1
1775,144960,KOSDAQ,1
1776,145020,KOSDAQ,1
1777,145210,KOSPI,1
1778,145270,KOSPI,1
1779,145720,KOSPI,1
1780,145990,KOSPI,1
1781,145995,KOSPI,1
1782,147760,KOSDAQ,1
1783,147830,KOSDAQ,1
1784,148140,KOSDAQ,1
1785,148150,KOSDAQ,1
1786,148250,KOSDAQ,1
1787,149950,KOSDAQ,1
1788,149980,KOSDAQ,1
1789,150840,KOSDAQ,1
1790,150900,KOSDAQ,1
1791,151860,KOSDAQ,1
1792,151910,KOSDAQ,1
1793,152550,KOSPI,1
1794,153360,KOSPI,1
1795,153460,KOSDAQ,1
1796,153490,KOSDAQ,1
1797,153710,KOSDAQ,1
1798,154030,KOSDAQ,1
1799,154040,KOSDAQ,1
1800,155650,KOSDAQ,1
1801,155660,KOSPI,1
1802,155900,KOSPI,1
1803,156100,KOSDAQ,1
1804,158310,KOSDAQ,1
1805,158430,KOSDAQ,1
1806,159010,KOSDAQ,1
1807,159580,KOSDAQ,1
1808,159910,KOSDAQ,1
1809,160550,KOSDAQ,1
1810,160600,KOSDAQ,1
1811,160980,KOSDAQ,1
1812,161000,KOSPI,1
1813,161390,KOSPI,1
1814,161570,KOSDAQ,1
1815,161580,KOSDAQ,1
1816,161890,KOSPI,1
1817,163560,KOSPI,1
1818,163730,KOSDAQ,1
1819,164060,KOSDAQ,1
1820,166090,KOSDAQ,1
1821,166480,KOSDAQ,1
1822,168330,KOSDAQ,1
1823,168490,KOSPI,1
1824,169330,KOSDAQ,1
1825,170030,KOSDAQ,1
1826,170790,KOSDAQ,1
1827,170900,KOSPI,1
1828,170920,KOSDAQ,1
1829,171010,KOSDAQ,1
1830,171090,KOSDAQ,1
1831,171120,KOSDAQ,1
1832,173130,KOSDAQ,1
1833,173940,KOSDAQ,1
1834,174880,KOSDAQ,1
1835,174900,KOSDAQ,1
1836,175140,KOSDAQ,1
1837,175250,KOSDAQ,1
1838,175330,KOSPI,1
1839,176440,KOSDAQ,1
1840,177350,KOSDAQ,1
1841,177830,KOSDAQ,1
1842,178320,KOSDAQ,1
1843,178780,KOSDAQ,1
1844,178920,KOSPI,1
1845,179290,KOSDAQ,1
1846,179900,KOSDAQ,1
1847,180400,KOSDAQ,1
1848,180640,KOSPI,1
1849,18064K,KOSPI,1
1850,181340,KOSDAQ,1
1851,181710,KOSPI,1
1852,182360,KOSDAQ,1
1853,182400,KOSDAQ,1
1854,182690,KOSDAQ,1
1855,183190,KOSPI,1
1856,183300,KOSDAQ,1
1857,183490,KOSDAQ,1
1858,184230,KOSDAQ,1
1859,185490,KOSDAQ,1
1860,185750,KOSPI,1
1861,186230,KOSDAQ,1
1862,187220,KOSDAQ,1
1863,187270,KOSDAQ,1
1864,187420,KOSDAQ,1
1865,187660,KOSDAQ,1
1866,187790,KOSDAQ,1
1867,187870,KOSDAQ,1
1868,189300,KOSDAQ,1
1869,189330,KOSDAQ,1
1870,189690,KOSDAQ,1
1871,189860,KOSDAQ,1
1872,189980,KOSDAQ,1
1873,190510,KOSDAQ,1
1874,190650,KOSDAQ,1
1875,191410,KOSDAQ,1
1876,191420,KOSDAQ,1
1877,192080,KOSPI,1
1878,192250,KOSDAQ,1
1879,192390,KOSDAQ,1
1880,192400,KOSPI,1
1881,192410,KOSDAQ,1
1882,192440,KOSDAQ,1
1883,192650,KOSPI,1
1884,192820,KOSPI,1
1885,193250,KOSDAQ,1
1886,194370,KOSPI,1
1887,194480,KOSDAQ,1
1888,194700,KOSDAQ,1
1889,195500,KOSDAQ,1
1890,195870,KOSPI,1
1891,195940,KOSDAQ,1
1892,195990,KOSDAQ,1
1893,196170,KOSDAQ,1
1894,196300,KOSDAQ,1
1895,196450,KOSDAQ,1
1896,196490,KOSDAQ,1
1897,196700,KOSDAQ,1
1898,197140,KOSDAQ,1
1899,198080,KOSDAQ,1
1900,198440,KOSDAQ,1
1901,199800,KOSDAQ,1
1902,199820,KOSDAQ,1
1903,200130,KOSDAQ,1
1904,200230,KOSDAQ,1
1905,200350,KOSDAQ,1
1906,200470,KOSDAQ,1
1907,200670,KOSDAQ,1
1908,200710,KOSDAQ,1
1909,200780,KOSDAQ,1
1910,200880,KOSPI,1
1911,201490,KOSDAQ,1
1912,203400,KOSDAQ,1
1913,203450,KOSDAQ,1
1914,203650,KOSDAQ,1
1915,203690,KOSDAQ,1
1916,204020,KOSDAQ,1
1917,204210,KOSPI,1
1918,204270,KOSDAQ,1
1919,204320,KOSPI,1
1920,204620,KOSDAQ,1
1921,204630,KOSDAQ,1
1922,204840,KOSDAQ,1
1923,205100,KOSDAQ,1
1924,205470,KOSDAQ,1
1925,205500,KOSDAQ,1
1926,206400,KOSDAQ,1
1927,206560,KOSDAQ,1
1928,206640,KOSDAQ,1
1929,206650,KOSDAQ,1
1930,207760,KOSDAQ,1
1931,207940,KOSPI,1
1932,208140,KOSDAQ,1
1933,208340,KOSDAQ,1
1934,208350,KOSDAQ,1
1935,208370,KOSDAQ,1
1936,208640,KOSDAQ,1
1937,208710,KOSDAQ,1
1938,208860,KOSDAQ,1
1939,210540,KOSPI,1
1940,210980,KOSPI,1
1941,211270,KOSDAQ,1
1942,212560,KOSDAQ,1
1943,213420,KOSDAQ,1
1944,213500,KOSPI,1
1945,214150,KOSDAQ,1
1946,214180,KOSDAQ,1
1947,214260,KOSDAQ,1
1948,214270,KOSDAQ,1
1949,214310,KOSDAQ,1
1950,214320,KOSPI,1
1951,214330,KOSPI,1
1952,214370,KOSDAQ,1
1953,214390,KOSPI,1
1954,214420,KOSPI,1
1955,214430,KOSDAQ,1
1956,214450,KOSDAQ,1
1957,214610,KOSDAQ,1
1958,214680,KOSDAQ,1
1959,214870,KOSDAQ,1
1960,215000,KOSDAQ,1
1961,215090,KOSDAQ,1
1962,215100,KOSDAQ,1
1963,215200,KOSDAQ,1
1964,215360,KOSDAQ,1
1965,215380,KOSDAQ,1
1966,215480,KOSDAQ,1
1967,215600,KOSDAQ,1
1968,215790,KOSDAQ,1
1969,216050,KOSDAQ,1
1970,216080,KOSDAQ,1
1971,217190,KOSDAQ,1
1972,217270,KOSDAQ,1
1973,217330,KOSDAQ,1
1974,217480,KOSDAQ,1
1975,217500,KOSDAQ,1
1976,217600,KOSDAQ,1
1977,217620,KOSDAQ,1
1978,217730,KOSDAQ,1
1979,217820,KOSDAQ,1
1980,218150,KOSDAQ,1
1981,218410,KOSDAQ,1
1982,219130,KOSDAQ,1
1983,219420,KOSDAQ,1
1984,219550,KOSDAQ,1
1985,219750,KOSDAQ,1
1986,220100,KOSDAQ,1
1987,220180,KOSDAQ,1
1988,220260,KOSDAQ,1
1989,220630,KOSDAQ,1
1990,221840,KOSDAQ,1
1991,221980,KOSDAQ,1
1992,222040,KOSDAQ,1
1993,222080,KOSDAQ,1
1994,222110,KOSDAQ,1
1995,222160,KOSDAQ,1
1996,222420,KOSDAQ,1
1997,222800,KOSDAQ,1
1998,222810,KOSDAQ,1
1999,222980,KOSDAQ,1
2000,223250,KOSDAQ,1
2001,223310,KOSDAQ,1
2002,224060,KOSDAQ,1
2003,224110,KOSDAQ,1
2004,225190,KOSDAQ,1
2005,225220,KOSDAQ,1
2006,225330,KOSDAQ,1
2007,225430,KOSDAQ,1
2008,225530,KOSDAQ,1
2009,225570,KOSDAQ,1
2010,225590,KOSDAQ,1
2011,226320,KOSPI,1
2012,226330,KOSDAQ,1
2013,226340,KOSDAQ,1
2014,226360,KOSDAQ,1
2015,226400,KOSDAQ,1
2016,226440,KOSDAQ,1
2017,226950,KOSDAQ,1
2018,227100,KOSDAQ,1
2019,227610,KOSDAQ,1
2020,227840,KOSPI,1
2021,227950,KOSDAQ,1
2022,228340,KOSDAQ,1
2023,228670,KOSDAQ,1
2024,228760,KOSDAQ,1
2025,228850,KOSDAQ,1
2026,229000,KOSDAQ,1
2027,229640,KOSPI,1
2028,230240,KOSDAQ,1
2029,230360,KOSDAQ,1
2030,230980,KOSDAQ,1
2031,232140,KOSDAQ,1
2032,232680,KOSDAQ,1
2033,234080,KOSPI,1
2034,234100,KOSDAQ,1
2035,234300,KOSDAQ,1
2036,234340,KOSDAQ,1
2037,234690,KOSDAQ,1
2038,234920,KOSDAQ,1
2039,235980,KOSDAQ,1
2040,236200,KOSDAQ,1
2041,236810,KOSDAQ,1
2042,237690,KOSDAQ,1
2043,237750,KOSDAQ,1
2044,237820,KOSDAQ,1
2045,237880,KOSDAQ,1
2046,238090,KOSDAQ,1
2047,238120,KOSDAQ,1
2048,238200,KOSDAQ,1
2049,238490,KOSDAQ,1
2050,239340,KOSDAQ,1
2051,239610,KOSDAQ,1
2052,239890,KOSDAQ,1
2053,240810,KOSDAQ,1
2054,241520,KOSDAQ,1
2055,241560,KOSPI,1
2056,241590,KOSPI,1
2057,241690,KOSDAQ,1
2058,241710,KOSDAQ,1
2059,241770,KOSDAQ,1
2060,241790,KOSDAQ,1
2061,241820,KOSDAQ,1
2062,241840,KOSDAQ,1
2063,242040,KOSDAQ,1
2064,243070,KOSDAQ,1
2065,243840,KOSDAQ,1
2066,244460,KOSDAQ,1
2067,244920,KOSPI,1
2068,245620,KOSDAQ,1
2069,246690,KOSDAQ,1
2070,246710,KOSDAQ,1
2071,246720,KOSDAQ,1
2072,246960,KOSDAQ,1
2073,247540,KOSDAQ,1
2074,247660,KOSDAQ,1
2075,248070,KOSPI,1
2076,248170,KOSPI,1
2077,249420,KOSPI,1
2078,250000,KOSDAQ,1
2079,250060,KOSDAQ,1
2080,250930,KOSDAQ,1
2081,251270,KOSPI,1
2082,251370,KOSDAQ,1
2083,251630,KOSDAQ,1
2084,251970,KOSDAQ,1
2085,252500,KOSDAQ,1
2086,252990,KOSDAQ,1
2087,253450,KOSDAQ,1
2088,253590,KOSDAQ,1
2089,253840,KOSDAQ,1
2090,254120,KOSDAQ,1
2091,255220,KOSDAQ,1
2092,255440,KOSDAQ,1
2093,256150,KOSDAQ,1
2094,256630,KOSDAQ,1
2095,256840,KOSDAQ,1
2096,256940,KOSDAQ,1
2097,257370,KOSDAQ,1
2098,257720,KOSDAQ,1
2099,258610,KOSDAQ,1
2100,258790,KOSDAQ,1
2101,258830,KOSDAQ,1
2102,259630,KOSDAQ,1
2103,259960,KOSPI,1
2104,260660,KOSDAQ,1
2105,260930,KOSDAQ,1
2106,260970,KOSDAQ,1
2107,261200,KOSDAQ,1
2108,261780,KOSDAQ,1
2109,262260,KOSDAQ,1
2110,262840,KOSDAQ,1
2111,263020,KOSDAQ,1
2112,263050,KOSDAQ,1
2113,263540,KOSDAQ,1
2114,263600,KOSDAQ,1
2115,263690,KOSDAQ,1
2116,263700,KOSDAQ,1
2117,263720,KOSDAQ,1
2118,263750,KOSDAQ,1
2119,263770,KOSDAQ,1
2120,263800,KOSDAQ,1
2121,263810,KOSDAQ,1
2122,263860,KOSDAQ,1
2123,263920,KOSDAQ,1
2124,264450,KOSDAQ,1
2125,264660,KOSDAQ,1
2126,264850,KOSDAQ,1
2127,264900,KOSPI,1
2128,26490K,KOSPI,1
2129,265520,KOSDAQ,1
2130,265560,KOSDAQ,1
2131,265740,KOSDAQ,1
2132,267250,KOSPI,1
2133,267260,KOSPI,1
2134,267270,KOSPI,1
2135,267290,KOSPI,1
2136,267320,KOSDAQ,1
2137,267790,KOSDAQ,1
2138,267850,KOSPI,1
2139,267980,KOSDAQ,1
2140,268280,KOSPI,1
2141,268600,KOSDAQ,1
2142,269620,KOSDAQ,1
2143,270520,KOSDAQ,1
2144,270660,KOSDAQ,1
2145,270870,KOSDAQ,1
2146,271560,KOSPI,1
2147,271940,KOSPI,1
2148,271980,KOSPI,1
2149,272110,KOSDAQ,1
2150,272210,KOSPI,1
2151,272290,KOSDAQ,1
2152,272450,KOSPI,1
2153,272550,KOSPI,1
2154,273060,KOSDAQ,1
2155,273640,KOSDAQ,1
2156,274090,KOSDAQ,1
2157,275630,KOSDAQ,1
2158,276730,KOSDAQ,1
2159,277070,KOSDAQ,1
2160,277410,KOSDAQ,1
2161,277810,KOSDAQ,1
2162,277880,KOSDAQ,1
2163,278280,KOSDAQ,1
2164,278650,KOSDAQ,1
2165,279600,KOSDAQ,1
2166,280360,KOSPI,1
2167,281740,KOSDAQ,1
2168,281820,KOSPI,1
2169,282330,KOSPI,1
2170,282690,KOSPI,1
2171,282880,KOSDAQ,1
2172,284620,KOSDAQ,1
2173,284740,KOSPI,1
2174,285130,KOSPI,1
2175,28513K,KOSPI,1
2176,285490,KOSDAQ,1
2177,286750,KOSDAQ,1
2178,286940,KOSPI,1
2179,287410,KOSDAQ,1
2180,288330,KOSDAQ,1
2181,288620,KOSDAQ,1
2182,289010,KOSDAQ,1
2183,289080,KOSDAQ,1
2184,289220,KOSDAQ,1
2185,290090,KOSDAQ,1
2186,290120,KOSDAQ,1
2187,290270,KOSDAQ,1
2188,290380,KOSDAQ,1
2189,290510,KOSDAQ,1
2190,290520,KOSDAQ,1
2191,290550,KOSDAQ,1
2192,290650,KOSDAQ,1
2193,290660,KOSDAQ,1
2194,290670,KOSDAQ,1
2195,290690,KOSDAQ,1
2196,290720,KOSDAQ,1
2197,290740,KOSDAQ,1
2198,291230,KOSDAQ,1
2199,291650,KOSDAQ,1
2200,293480,KOSPI,1
2201,293490,KOSDAQ,1
2202,293580,KOSDAQ,1
2203,293780,KOSDAQ,1
2204,293940,KOSPI,1
2205,294090,KOSDAQ,1
2206,294140,KOSDAQ,1
2207,294570,KOSDAQ,1
2208,294630,KOSDAQ,1
2209,294870,KOSPI,1
2210,297090,KOSDAQ,1
2211,297570,KOSDAQ,1
2212,297890,KOSDAQ,1
2213,298000,KOSPI,1
2214,298020,KOSPI,1
2215,298040,KOSPI,1
2216,298050,KOSPI,1
2217,298060,KOSDAQ,1
2218,298380,KOSDAQ,1
2219,298540,KOSDAQ,1
2220,298690,KOSPI,1
2221,298870,KOSDAQ,1
2222,299030,KOSDAQ,1
2223,299170,KOSDAQ,1
2224,299660,KOSDAQ,1
2225,299900,KOSDAQ,1
2226,299910,KOSDAQ,1
2227,300080,KOSDAQ,1
2228,300120,KOSDAQ,1
2229,300720,KOSPI,1
2230,301300,KOSDAQ,1
2231,302430,KOSDAQ,1
2232,302440,KOSPI,1
2233,302550,KOSDAQ,1
2234,303030,KOSDAQ,1
2235,303530,KOSDAQ,1
2236,304100,KOSDAQ,1
2237,304840,KOSDAQ,1
2238,305090,KOSDAQ,1
2239,306040,KOSDAQ,1
2240,306200,KOSPI,1
2241,306620,KOSDAQ,1
2242,307180,KOSDAQ,1
2243,307280,KOSDAQ,1
2244,307750,KOSDAQ,1
2245,307870,KOSDAQ,1
2246,307930,KOSDAQ,1
2247,307950,KOSPI,1
2248,308080,KOSDAQ,1
2249,308100,KOSDAQ,1
2250,308170,KOSPI,1
2251,309930,KOSDAQ,1
2252,310200,KOSDAQ,1
2253,310870,KOSDAQ,1
2254,311320,KOSDAQ,1
2255,311390,KOSDAQ,1
2256,311690,KOSDAQ,1
2257,312610,KOSDAQ,1
2258,313760,KOSDAQ,1
2259,314130,KOSDAQ,1
2260,314930,KOSDAQ,1
2261,315640,KOSDAQ,1
2262,316140,KOSPI,1
2263,317120,KOSDAQ,1
2264,317240,KOSDAQ,1
2265,317330,KOSDAQ,1
2266,317400,KOSPI,1
2267,317530,KOSDAQ,1
2268,317690,KOSDAQ,1
2269,317770,KOSDAQ,1
2270,317830,KOSDAQ,1
2271,317850,KOSDAQ,1
2272,317870,KOSDAQ,1
2273,318000,KOSDAQ,1
2274,318010,KOSDAQ,1
2275,318020,KOSDAQ,1
2276,318410,KOSDAQ,1
2277,319400,KOSDAQ,1
2278,319660,KOSDAQ,1
2279,320000,KOSDAQ,1
2280,321260,KOSDAQ,1
2281,321550,KOSDAQ,1
2282,321820,KOSDAQ,1
2283,322000,KOSPI,1
2284,322180,KOSDAQ,1
2285,322310,KOSDAQ,1
2286,322510,KOSDAQ,1
2287,322780,KOSDAQ,1
2288,323210,KOSDAQ,1
2289,323230,KOSDAQ,1
2290,323280,KOSDAQ,1
2291,323410,KOSPI,1
2292,323940,KOSDAQ,1
2293,323990,KOSDAQ,1
2294,326030,KOSPI,1
2295,327260,KOSDAQ,1
2296,328380,KOSDAQ,1
2297,329180,KOSPI,1
2298,329560,KOSDAQ,1
2299,330350,KOSDAQ,1
2300,330590,KOSPI,1
2301,330860,KOSDAQ,1
2302,330990,KOSDAQ,1
2303,331380,KOSDAQ,1
2304,331520,KOSDAQ,1
2305,331920,KOSDAQ,1
2306,332290,KOSDAQ,1
2307,332370,KOSDAQ,1
2308,332570,KOSDAQ,1
2309,332710,KOSDAQ,1
2310,333050,KOSDAQ,1
2311,333430,KOSDAQ,1
2312,333620,KOSDAQ,1
2313,334890,KOSPI,1
2314,334970,KOSDAQ,1
2315,335810,KOSDAQ,1
2316,335870,KOSDAQ,1
2317,335890,KOSDAQ,1
2318,336060,KOSDAQ,1
2319,336260,KOSPI,1
2320,33626K,KOSPI,1
2321,33626L,KOSPI,1
2322,336370,KOSPI,1
2323,33637K,KOSPI,1
2324,33637L,KOSPI,1
2325,336570,KOSDAQ,1
2326,337450,KOSDAQ,1
2327,337930,KOSDAQ,1
2328,338100,KOSPI,1
2329,338220,KOSDAQ,1
2330,339770,KOSPI,1
2331,339950,KOSDAQ,1
2332,340120,KOSDAQ,1
2333,340350,KOSDAQ,1
2334,340360,KOSDAQ,1
2335,340440,KOSDAQ,1
2336,340570,KOSDAQ,1
2337,340930,KOSDAQ,1
2338,341160,KOSDAQ,1
2339,342550,KOSDAQ,1
2340,343510,KOSDAQ,1
2341,344050,KOSDAQ,1
2342,344820,KOSPI,1
2343,347000,KOSDAQ,1
2344,347140,KOSDAQ,1
2345,347700,KOSDAQ,1
2346,347740,KOSDAQ,1
2347,347770,KOSDAQ,1
2348,347860,KOSDAQ,1
2349,347890,KOSDAQ,1
2350,348030,KOSDAQ,1
2351,348150,KOSDAQ,1
2352,348210,KOSDAQ,1
2353,348350,KOSDAQ,1
2354,348370,KOSDAQ,1
2355,348950,KOSPI,1
2356,349720,KOSDAQ,1
2357,350520,KOSPI,1
2358,351320,KOSDAQ,1
2359,351330,KOSDAQ,1
2360,351340,KOSDAQ,1
2361,352480,KOSDAQ,1
2362,352700,KOSDAQ,1
2363,352770,KOSDAQ,1
2364,352820,KOSPI,1
2365,352910,KOSDAQ,1
2366,352940,KOSDAQ,1
2367,353060,KOSDAQ,1
2368,353070,KOSDAQ,1
2369,353190,KOSDAQ,1
2370,353200,KOSPI,1
2371,35320K,KOSPI,1
2372,353490,KOSDAQ,1
2373,353810,KOSDAQ,1
2374,354200,KOSDAQ,1
2375,355150,KOSDAQ,1
2376,356860,KOSDAQ,1
2377,356890,KOSDAQ,1
2378,357120,KOSPI,1
2379,357230,KOSDAQ,1
2380,357250,KOSPI,1
2381,357550,KOSDAQ,1
2382,357580,KOSDAQ,1
2383,357780,KOSDAQ,1
2384,357880,KOSDAQ,1
2385,359090,KOSDAQ,1
2386,361390,KOSDAQ,1
2387,361570,KOSDAQ,1
2388,361610,KOSPI,1
2389,361670,KOSDAQ,1
2390,363250,KOSDAQ,1
2391,363260,KOSDAQ,1
2392,363280,KOSPI,1
2393,36328K,KOSPI,1
2394,365270,KOSDAQ,1
2395,365550,KOSPI,1
2396,365590,KOSDAQ,1
2397,366330,KOSDAQ,1
2398,367000,KOSDAQ,1
2399,367340,KOSDAQ,1
2400,367360,KOSDAQ,1
2401,367460,KOSDAQ,1
2402,367480,KOSDAQ,1
2403,368770,KOSDAQ,1
2404,369370,KOSDAQ,1
2405,372290,KOSDAQ,1
2406,372800,KOSDAQ,1
2407,372910,KOSPI,1
2408,373200,KOSDAQ,1
2409,373340,KOSDAQ,1
2410,375500,KOSPI,1
2411,37550K,KOSPI,1
2412,376180,KOSDAQ,1
2413,376190,KOSDAQ,1
2414,376290,KOSDAQ,1
2415,376300,KOSDAQ,1
2416,376980,KOSDAQ,1
2417,377030,KOSDAQ,1
2418,377190,KOSPI,1
2419,377220,KOSDAQ,1
2420,377300,KOSPI,1
2421,377400,KOSDAQ,1
2422,377450,KOSDAQ,1
2423,377480,KOSDAQ,1
2424,377630,KOSDAQ,1
2425,378850,KOSPI,1
2426,380320,KOSDAQ,1
2427,380440,KOSPI,1
2428,381970,KOSPI,1
2429,382480,KOSDAQ,1
2430,382800,KOSDAQ,1
2431,382840,KOSDAQ,1
2432,383220,KOSPI,1
2433,383310,KOSDAQ,1
2434,383800,KOSPI,1
2435,38380K,KOSPI,1
2436,386580,KOSDAQ,1
2437,387310,KOSDAQ,1
2438,388220,KOSDAQ,1
2439,388790,KOSDAQ,1
2440,388800,KOSDAQ,1
2441,389030,KOSDAQ,1
2442,391060,KOSDAQ,1
2443,391710,KOSDAQ,1
2444,393360,KOSDAQ,1
2445,395400,KOSPI,1
2446,396690,KOSPI,1
2447,396770,KOSDAQ,1
2448,397500,KOSDAQ,1
2449,397880,KOSDAQ,1
2450,400560,KOSDAQ,1
2451,400760,KOSPI,1
2452,400840,KOSDAQ,1
2453,402340,KOSPI,1
2454,404990,KOSPI,1
2455,900070,KOSDAQ,1
2456,900100,KOSDAQ,1
2457,900110,KOSDAQ,1
2458,900120,KOSDAQ,1
2459,900140,KOSPI,1
2460,900250,KOSDAQ,1
2461,900260,KOSDAQ,1
2462,900270,KOSDAQ,1
2463,900280,KOSDAQ,1
2464,900290,KOSDAQ,1
2465,900300,KOSDAQ,1
2466,900310,KOSDAQ,1
2467,900340,KOSDAQ,1
2468,950110,KOSDAQ,1
2469,950130,KOSDAQ,1
2470,950140,KOSDAQ,1
2471,950160,KOSDAQ,1
2472,950170,KOSDAQ,1
2473,950180,KOSDAQ,1
2474,950190,KOSDAQ,1
2475,950200,KOSDAQ,1
2476,950210,KOSPI,1
2477,950220,KOSDAQ,1
