#,id,stock_name,stock_tick_id
1,1,삼성출판사,068290
2,2,SBS미디어홀딩스,101060
3,3,포스코인터내셔널,047050
4,4,삼성중공업,010140
5,5,경인전자,009140
6,6,현대미포조선,010620
7,7,엘브이엠씨홀딩스,900140
8,8,진양산업,003780
9,9,KSS해운,044450
10,10,우리종금,010050
11,11,체시스,033250
12,12,한국콜마홀딩스,024720
13,13,SK네트웍스,001740
14,14,동부건설,005960
15,15,코오롱글로벌우,003075
16,16,시디즈,134790
17,17,SK디스커버리우,006125
18,18,삼성제약,001360
19,19,엔에스쇼핑,138250
20,20,신풍제약우,019175
21,21,한국항공우주,047810
22,22,화신,010690
23,23,SK증권,001510
24,24,제주은행,006220
25,25,신라교역,004970
26,26,맥쿼리인프라,088980
27,27,HDC랩스,039570
28,28,현대건설우,000725
29,29,비상교육,100220
30,30,화인베스틸,133820
31,31,신일전자,002700
32,32,태경비케이,014580
33,33,NH투자증권,005940
34,34,삼성중공우,010145
35,35,와이투솔루션,011690
36,36,대한해운,005880
37,37,후성,093370
38,38,일신방직,003200
39,39,텔코웨어,078000
40,40,샘표식품,248170
41,41,쎌마테라퓨틱스,015540
42,42,세우글로벌,013000
43,43,유한양행,000100
44,44,DB하이텍1우,000995
45,45,대창단조,015230
46,46,신세계건설,034300
47,47,신한알파리츠,293940
48,48,두산우,000155
49,49,디아이,003160
50,50,대웅,003090
51,51,티에이치엔,019180
52,52,BGF,027410
53,53,이엔플러스,074610
54,54,광전자,017900
55,55,동아타이어,282690
56,56,효성,004800
57,57,동원시스템즈,014820
58,58,해성디에스,195870
59,59,페이퍼코리아,001020
60,60,케이탑리츠,145270
61,61,유화증권우,003465
62,62,KG동부제철,016380
63,63,한국화장품제조,003350
64,64,부국증권,001270
65,65,케이씨텍,281820
66,66,벽산,007210
67,67,무학,033920
68,68,에이엔피,015260
69,69,STX엔진,077970
70,70,백산,035150
71,71,이리츠코크렙,088260
72,72,코스맥스,192820
73,73,KC그린홀딩스,009440
74,74,SK이노베이션우,096775
75,75,삼성화재,000810
76,76,우리들휴브레인,118000
77,77,롯데렌탈,089860
78,78,세종공업,033530
79,79,대우건설,047040
80,80,평화산업,090080
81,81,삼성SDI우,006405
82,82,케이비아이동국실업,001620
83,83,넥센우,005725
84,84,SHD,001770
85,85,대성홀딩스,016710
86,86,태평양물산,007980
87,87,미래에셋생명,085620
88,88,삼아알미늄,006110
89,89,메타랩스,090370
90,90,KCC,002380
91,91,SK이노베이션,096770
92,92,보해양조,000890
93,93,조선내화,000480
94,94,HDC현대산업개발,294870
95,95,대원전선우,006345
96,96,SK증권우,001515
97,97,삼양식품,003230
98,98,삼성전자우,005935
99,99,한양증권,001750
100,100,동양철관,008970
101,101,SK케미칼우,28513K
102,102,롯데지주우,00499K
103,103,디앤디플랫폼리츠,377190
104,104,삼성엔지니어링,028050
105,105,E1,017940
106,106,맵스리얼티1,094800
107,107,CJ우,001045
108,108,제이에스코퍼레이션,194370
109,109,사조씨푸드,014710
110,110,PI첨단소재,178920
111,111,문배철강,008420
112,112,POSCO,005490
113,113,풀무원,017810
114,114,아센디오,012170
115,115,고려산업,002140
116,116,에이프로젠 MED,007460
117,117,TYM,002900
118,118,효성티앤씨,298020
119,119,메리츠금융지주,138040
120,120,전방,000950
121,121,코리아써우,007815
122,122,대한제분,001130
123,123,윌비스,008600
124,124,하이브,352820
125,125,경동나비엔,009450
126,126,한전기술,052690
127,127,HJ중공업,097230
128,128,환인제약,016580
129,129,한국특강,007280
130,130,HMM,011200
131,131,한국콜마,161890
132,132,우신시스템,017370
133,133,아시아나항공,020560
134,134,대창,012800
135,135,삼양패키징,272550
136,136,KTB투자증권,030210
137,137,서울가스,017390
138,138,대웅제약,069620
139,139,한컴라이프케어,372910
140,140,일진홀딩스,015860
141,141,케이씨,029460
142,142,한양증권우,001755
143,143,성보화학,003080
144,144,현대홈쇼핑,057050
145,145,현대차우,005385
146,146,삼정펄프,009770
147,147,도화엔지니어링,002150
148,148,비비안,002070
149,149,대상,001680
150,150,선도전기,007610
151,151,동원금속,018500
152,152,한진,002320
153,153,일양약품우,007575
154,154,평화홀딩스,010770
155,155,한국전력,015760
156,156,진에어,272450
157,157,두산중공업,034020
158,158,대덕전자1우,35320K
159,159,코리아써키트,007810
160,160,한국자산신탁,123890
161,161,GS글로벌,001250
162,162,덕양산업,024900
163,163,경동인베스트,012320
164,164,KISCO홀딩스,001940
165,165,현대비앤지스틸,004560
166,166,세원이앤씨,091090
167,167,LX홀딩스1우,38380K
168,168,삼성카드,029780
169,169,한진칼우,18064K
170,170,롯데하이마트,071840
171,171,대림통상,006570
172,172,상상인증권,001290
173,173,세아베스틸,001430
174,174,티웨이항공,091810
175,175,LG화학우,051915
176,176,한화우,000885
177,177,한일시멘트,300720
178,178,계양전기,012200
179,179,대유플러스,000300
180,180,이지스밸류리츠,334890
181,181,NH투자증권우,005945
182,182,SK리츠,395400
183,183,솔루엠,248070
184,184,서울식품우,004415
185,185,미래에셋증권2우B,00680K
186,186,제이준코스메틱,025620
187,187,범양건영,002410
188,188,OCI,010060
189,189,한국내화,010040
190,190,퍼시스,016800
191,191,경농,002100
192,192,유나이티드제약,033270
193,193,유니켐,011330
194,194,LS,006260
195,195,DSR,155660
196,196,대상홀딩스,084690
197,197,새론오토모티브,075180
198,198,영원무역,111770
199,199,LG우,003555
200,200,GS우,078935
201,201,한국가스공사,036460
202,202,일성건설,013360
203,203,교촌에프앤비,339770
204,204,넥센타이어,002350
205,205,코오롱,002020
206,206,디씨엠,024090
207,207,일동제약,249420
208,208,솔루스첨단소재1우,33637K
209,209,롯데지주,004990
210,210,NHN,181710
211,211,대한전선,001440
212,212,현대리바트,079430
213,213,웅진,016880
214,214,스카이라이프,053210
215,215,오리엔트바이오,002630
216,216,넥센,005720
217,217,우리금융지주,316140
218,218,동일고무벨트,163560
219,219,한솔제지,213500
220,220,동국제강,001230
221,221,삼성전기우,009155
222,222,한국전자홀딩스,006200
223,223,롯데정보통신,286940
224,224,쌍용차,003620
225,225,유유제약,000220
226,226,TBH글로벌,084870
227,227,SK디스커버리,006120
228,228,크래프톤,259960
229,229,호텔신라,008770
230,230,만호제강,001080
231,231,삼양홀딩스우,000075
232,232,세이브존I&C,067830
233,233,크라운해태홀딩스우,005745
234,234,CJ씨푸드,011150
235,235,SNT중공업,003570
236,236,YG PLUS,037270
237,237,한독,002390
238,238,SNT에너지,100840
239,239,한온시스템,018880
240,240,대덕,008060
241,241,세기상사,002420
242,242,CJ제일제당 우,097955
243,243,GS,078930
244,244,한미약품,128940
245,245,KB금융,105560
246,246,하이트진로홀딩스우,000145
247,247,미래에셋증권,006800
248,248,동원수산,030720
249,249,삼화전자,011230
250,250,조일알미늄,018470
251,251,성문전자우,014915
252,252,고려제강,002240
253,253,대상우,001685
254,254,대림B&Co,005750
255,255,코리안리,003690
256,256,녹십자홀딩스,005250
257,257,LG전자우,066575
258,258,MH에탄올,023150
259,259,노루홀딩스,000320
260,260,현대두산인프라코어,042670
261,261,STX중공업,071970
262,262,사조동아원,008040
263,263,한국화장품,123690
264,264,두산퓨얼셀2우B,33626L
265,265,팬오션,028670
266,266,호텔신라우,008775
267,267,삼화페인트,000390
268,268,테이팩스,055490
269,269,다스코,058730
270,270,진원생명과학,011000
271,271,아모레G3우(전환),00279K
272,272,세방전지,004490
273,273,현대코퍼레이션홀딩스,227840
274,274,롯데정밀화학,004000
275,275,DL우,000215
276,276,조선선재,120030
277,277,부국철강,026940
278,278,팜스코,036580
279,279,일양약품,007570
280,280,세방,004360
281,281,사조산업,007160
282,282,우진아이엔에스,010400
283,283,LG생활건강,051900
284,284,아모레G우,002795
285,285,크라운해태홀딩스,005740
286,286,DL건설,001880
287,287,한국공항,005430
288,288,삼천리,004690
289,289,한국금융지주우,071055
290,290,현대차증권,001500
291,291,솔루스첨단소재,336370
292,292,이연제약,102460
293,293,한국조선해양,009540
294,294,한국토지신탁,034830
295,295,금호석유우,011785
296,296,동방아그로,007590
297,297,주연테크,044380
298,298,남선알미우,008355
299,299,하나제약,293480
300,300,오리온,271560
301,301,동양피스톤,092780
302,302,이노션,214320
303,303,유유제약2우B,000227
304,304,노루페인트,090350
305,305,종근당,185750
306,306,화승코퍼레이션,013520
307,307,신원우,009275
308,308,JW중외제약우,001065
309,309,KC코트렐,119650
310,310,농심홀딩스,072710
311,311,삼화왕관,004450
312,312,영흥,012160
313,313,한솔테크닉스,004710
314,314,SK,034730
315,315,지역난방공사,071320
316,316,KT&G,033780
317,317,성안,011300
318,318,신한지주,055550
319,319,아모레퍼시픽우,090435
320,320,동남합성,023450
321,321,한국프랜지,010100
322,322,NPC우,004255
323,323,에이블씨엔씨,078520
324,324,신영증권우,001725
325,325,한진중공업홀딩스,003480
326,326,SK바이오사이언스,302440
327,327,JW홀딩스,096760
328,328,동양우,001525
329,329,롯데리츠,330590
330,330,키움증권,039490
331,331,휴니드,005870
332,332,JW중외제약,001060
333,333,한섬,020000
334,334,현대중공업,329180
335,335,금비,008870
336,336,크라운제과,264900
337,337,메리츠증권,008560
338,338,LX홀딩스,383800
339,339,노루홀딩스우,000325
340,340,한라,014790
341,341,신원,009270
342,342,신세계,004170
343,343,한신공영,004960
344,344,삼성SDI,006400
345,345,현대차3우B,005389
346,346,씨아이테크,004920
347,347,아남전자,008700
348,348,하이트진로,000080
349,349,금호건설우,002995
350,350,대현,016090
351,351,이지스레지던스리츠,350520
352,352,모토닉,009680
353,353,미원상사,002840
354,354,한신기계,011700
355,355,SJM홀딩스,025530
356,356,쌍방울,102280
357,357,경방,000050
358,358,동방,004140
359,359,금호에이치티,214330
360,360,명신산업,009900
361,361,두올,016740
362,362,신도리코,029530
363,363,다이나믹디자인,145210
364,364,포스코케미칼,003670
365,365,한성기업,003680
366,366,성신양회,004980
367,367,한국단자,025540
368,368,오리온홀딩스,001800
369,369,CJ대한통운,000120
370,370,NAVER,035420
371,371,금호석유,011780
372,372,동화약품,000020
373,373,롯데케미칼,011170
374,374,휴켐스,069260
375,375,경인양행,012610
376,376,코리아써키트2우B,00781K
377,377,한라홀딩스,060980
378,378,유안타증권,003470
379,379,두산,000150
380,380,한솔PNS,010420
381,381,하나금융지주,086790
382,382,NPC,004250
383,383,대덕전자,353200
384,384,성문전자,014910
385,385,동양3우B,001529
386,386,대한항공,003490
387,387,SPC삼립,005610
388,388,천일고속,000650
389,389,삼양사,145990
390,390,일진하이솔루스,271940
391,391,두산2우B,000157
392,392,한익스프레스,014130
393,393,동서,026960
394,394,동성케미컬,102260
395,395,삼성화재우,000815
396,396,삼성물산우B,02826K
397,397,센트랄모텍,308170
398,398,삼익악기,002450
399,399,신세계인터내셔날,031430
400,400,JW생명과학,234080
401,401,아세아제지,002310
402,402,코오롱우,002025
403,403,BYC,001460
404,404,삼성생명,032830
405,405,빙그레,005180
406,406,마니커,027740
407,407,지엠비코리아,013870
408,408,메리츠화재,000060
409,409,한세실업,105630
410,410,노루페인트우,090355
411,411,LS ELECTRIC,010120
412,412,모두투어리츠,204210
413,413,오뚜기,007310
414,414,LX하우시스우,108675
415,415,동일제강,002690
416,416,한국주강,025890
417,417,진도,088790
418,418,유유제약1우,000225
419,419,진양폴리,010640
420,420,DB하이텍,000990
421,421,모나미,005360
422,422,동아지질,028100
423,423,미창석유,003650
424,424,코아스,071950
425,425,대원강업,000430
426,426,경보제약,214390
427,427,에넥스,011090
428,428,일신석재,007110
429,429,흥아해운,003280
430,430,세아제강지주,003030
431,431,이아이디,093230
432,432,엔씨소프트,036570
433,433,제주항공,089590
434,434,아세아,002030
435,435,한화손해보험,000370
436,436,부국증권우,001275
437,437,효성화학,298000
438,438,웰바이오텍,010600
439,439,영풍제지,006740
440,440,까뮤이앤씨,013700
441,441,덴티움,145720
442,442,하이트진로홀딩스,000140
443,443,남성,004270
444,444,깨끗한나라,004540
445,445,사조오양,006090
446,446,이수화학,005950
447,447,금양,001570
448,448,미원홀딩스,107590
449,449,팜젠사이언스,004720
450,450,현대로템,064350
451,451,LS전선아시아,229640
452,452,에이리츠,140910
453,453,티와이홀딩스우,36328K
454,454,롯데쇼핑,023530
455,455,코스맥스비티아이,044820
456,456,태양금속,004100
457,457,두산퓨얼셀,336260
458,458,극동유화,014530
459,459,동원시스템즈우,014825
460,460,부산산업,011390
461,461,세하,027970
462,462,예스코홀딩스,015360
463,463,GS건설,006360
464,464,한농화성,011500
465,465,대한방직,001070
466,466,현대약품,004310
467,467,현대일렉트릭,267260
468,468,휴스틸,005010
469,469,NH프라임리츠,338100
470,470,아이마켓코리아,122900
471,471,아세아시멘트,183190
472,472,영보화학,014440
473,473,영풍,000670
474,474,동양고속,084670
475,475,삼양사우,145995
476,476,덕성,004830
477,477,써니전자,004770
478,478,한화투자증권,003530
479,479,신대양제지,016590
480,480,NI스틸,008260
481,481,한세예스24홀딩스,016450
482,482,AJ네트웍스,095570
483,483,티와이홀딩스,363280
484,484,화천기공,000850
485,485,쿠쿠홀딩스,192400
486,486,대신증권우,003545
487,487,강원랜드,035250
488,488,두산밥캣,241560
489,489,남선알미늄,008350
490,490,스틱인베스트먼트,026890
491,491,컨버즈,109070
492,492,한미반도체,042700
493,493,효성중공업,298040
494,494,유화증권,003460
495,495,동일산업,004890
496,496,플레이그램,009810
497,497,인터지스,129260
498,498,호전실업,111110
499,499,종근당홀딩스,001630
500,500,유엔젤,072130
501,501,대한유화,006650
502,502,KG동부제철우,016385
503,503,SK가스,018670
504,504,CS홀딩스,000590
505,505,제일파마홀딩스,002620
506,506,BYC우,001465
507,507,에이프로젠제약,003060
508,508,NH올원리츠,400760
509,509,DI동일,001530
510,510,대신증권,003540
511,511,한전산업,130660
512,512,대교우B,019685
513,513,알루코,001780
514,514,코오롱플라스틱,138490
515,515,SK디앤디,210980
516,516,SH에너지화학,002360
517,517,대원화성,024890
518,518,퍼스텍,010820
519,519,한일홀딩스,003300
520,520,베트남개발1,096300
521,521,진흥기업2우B,002787
522,522,크라운제과우,26490K
523,523,한전KPS,051600
524,524,한국금융지주,071050
525,525,보락,002760
526,526,센트럴인사이트,012600
527,527,남해화학,025860
528,528,조흥,002600
529,529,KEC,092220
530,530,DL이앤씨,375500
531,531,삼영전자,005680
532,532,현대제철,004020
533,533,신성통상,005390
534,534,S-Oil,010950
535,535,SK우,03473K
536,536,동원산업,006040
537,537,수산중공업,017550
538,538,성창기업지주,000180
539,539,삼성공조,006660
540,540,대동전자,008110
541,541,한화,000880
542,542,보령제약,003850
543,543,만도,204320
544,544,에스원,012750
545,545,녹십자홀딩스2우,005257
546,546,대영포장,014160
547,547,삼화전기,009470
548,548,흥국화재우,000545
549,549,한국수출포장,002200
550,550,강남제비스코,000860
551,551,인스코비,006490
552,552,일진전기,103590
553,553,참엔지니어링,009310
554,554,셀트리온,068270
555,555,BNK금융지주,138930
556,556,미원화학,134380
557,557,제일약품,271980
558,558,지투알,035000
559,559,현대건설,000720
560,560,현대위아,011210
561,561,경동도시가스,267290
562,562,DSR제강,069730
563,563,황금에스티,032560
564,564,인지컨트롤스,023800
565,565,DB,012030
566,566,대유에이텍,002880
567,567,대구백화점,006370
568,568,형지엘리트,093240
569,569,LG헬로비전,037560
570,570,인팩,023810
571,571,삼성증권,016360
572,572,이구산업,025820
573,573,디와이파워,210540
574,574,현대엘리베이,017800
575,575,SUN&L,002820
576,576,율촌화학,008730
577,577,인디에프,014990
578,578,LG유플러스,032640
579,579,현대해상,001450
580,580,CJ,001040
581,581,현대차2우B,005387
582,582,일진디스플,020760
583,583,광명전기,017040
584,584,삼부토건,001470
585,585,아모레G,002790
586,586,하이트론,019490
587,587,KH 필룩스,033180
588,588,고려아연,010130
589,589,SNT모티브,064960
590,590,신풍제약,019170
591,591,하이트진로2우B,000087
592,592,화승알앤에이,378850
593,593,덕성우,004835
594,594,애경산업,018250
595,595,태경산업,015890
596,596,코오롱인더우,120115
597,597,카카오뱅크,323410
598,598,신세계 I&C,035510
599,599,현대그린푸드,005440
600,600,화승엔터프라이즈,241590
601,601,동아에스티,170900
602,602,드림텍,192650
603,603,우진플라임,049800
604,604,제이알글로벌리츠,348950
605,605,SBS,034120
606,606,무림P&P,009580
607,607,유한양행우,000105
608,608,이건산업,008250
609,609,LG화학,051910
610,610,세아홀딩스,058650
611,611,애경케미칼,161000
612,612,국보,001140
613,613,한일현대시멘트,006390
614,614,아시아나IDT,267850
615,615,아주스틸,139990
616,616,SK바이오팜,326030
617,617,대양금속,009190
618,618,영화금속,012280
619,619,한솔홀딩스,004150
620,620,STX,011810
621,621,제일연마,001560
622,622,명문제약,017180
623,623,국제약품,002720
624,624,유진투자증권,001200
625,625,농심,004370
626,626,한세엠케이,069640
627,627,GKL,114090
628,628,삼호개발,010960
629,629,한일철강,002220
630,630,KG케미칼,001390
631,631,한샘,009240
632,632,현대중공업지주,267250
633,633,현대코퍼레이션,011760
634,634,디티알오토모티브,007340
635,635,코웨이,021240
636,636,태원물산,001420
637,637,ESR켄달스퀘어리츠,365550
638,638,광동제약,009290
639,639,무림페이퍼,009200
640,640,한화생명,088350
641,641,넥센타이어1우B,002355
642,642,현대오토에버,307950
643,643,일진다이아,081000
644,644,현대퓨처넷,126560
645,645,HSD엔진,082740
646,646,현대에너지솔루션,322000
647,647,이스타코,015020
648,648,대호에이엘,069460
649,649,롯데손해보험,000400
650,650,선진,136490
651,651,롯데칠성,005300
652,652,조비,001550
653,653,더블유게임즈,192080
654,654,동양2우B,001527
655,655,대동,000490
656,656,미래아이앤지,007120
657,657,서울식품,004410
658,658,깨끗한나라우,004545
659,659,아이에스동서,010780
660,660,기업은행,024110
661,661,이화산업,000760
662,662,하나투어,039130
663,663,해태제과식품,101530
664,664,엔에이치스팩19호,380440
665,665,세아제강,306200
666,666,현대차,005380
667,667,태림포장,011280
668,668,부광약품,003000
669,669,KCTC,009070
670,670,유수홀딩스,000700
671,671,잇츠한불,226320
672,672,조광피혁,004700
673,673,한창제지,009460
674,674,디아이씨,092200
675,675,태영건설,009410
676,676,씨에스윈드,112610
677,677,일진머티리얼즈,020150
678,678,광주신세계,037710
679,679,세아특수강,019440
680,680,넷마블,251270
681,681,대상홀딩스우,084695
682,682,부산주공,005030
683,683,금호전기,001210
684,684,우성,006980
685,685,일성신약,003120
686,686,남광토건,001260
687,687,LG생활건강우,051905
688,688,서연,007860
689,689,SK네트웍스우,001745
690,690,한국종합기술,023350
691,691,이마트,139480
692,692,한솔로지스틱스,009180
693,693,한국철강,104700
694,694,삼진제약,005500
695,695,유안타증권우,003475
696,696,풍산,103140
697,697,대성에너지,117580
698,698,자화전자,033240
699,699,제일기획,030000
700,700,서원,021050
701,701,지코,010580
702,702,한국카본,017960
703,703,현대모비스,012330
704,704,DB금융투자,016610
705,705,혜인,003010
706,706,한국석유,004090
707,707,화승인더,006060
708,708,서흥,008490
709,709,한화솔루션우,009835
710,710,송원산업,004430
711,711,현대비앤지스틸우,004565
712,712,그린케미칼,083420
713,713,남양유업,003920
714,714,지누스,013890
715,715,HDC,012630
716,716,인천도시가스,034590
717,717,LF,093050
718,718,일동홀딩스,000230
719,719,태양금속우,004105
720,720,LS네트웍스,000680
721,721,백광산업,001340
722,722,동성제약,002210
723,723,현대글로비스,086280
724,724,프레스티지바이오파마,950210
725,725,CJ씨푸드1우,011155
726,726,모나리자,012690
727,727,삼일제약,000520
728,728,더존비즈온,012510
729,729,대교,019680
730,730,JW중외제약2우B,001067
731,731,DRB동일,004840
732,732,미래에셋증권우,006805
733,733,케이카,381970
734,734,카프로,006380
735,735,포스코강판,058430
736,736,대한제당,001790
737,737,코오롱글로벌,003070
738,738,삼화콘덴서,001820
739,739,한올바이오파마,009420
740,740,삼양통상,002170
741,741,코오롱인더,120110
742,742,CJ CGV,079160
743,743,KT,030200
744,744,조광페인트,004910
745,745,대한화섬,003830
746,746,삼영무역,002810
747,747,서연이화,200880
748,748,신송홀딩스,006880
749,749,엠씨넥스,097520
750,750,SK텔레콤,017670
751,751,이수페타시스,007660
752,752,코스모화학,005420
753,753,화천기계,010660
754,754,IHQ,003560
755,755,HDC현대EP,089470
756,756,SK케미칼,285130
757,757,락앤락,115390
758,758,DL,000210
759,759,유니온머티리얼,047400
760,760,NICE,034310
761,761,한솔홈데코,025750
762,762,인바이오젠,101140
763,763,세방우,004365
764,764,KTcs,058850
765,765,LX하우시스,108670
766,766,롯데칠성우,005305
767,767,카카오페이,377300
768,768,두산퓨얼셀1우,33626K
769,769,금호타이어,073240
770,770,쌍용C&E,003410
771,771,현대건설기계,267270
772,772,사조대림,003960
773,773,현대백화점,069960
774,774,SK렌터카,068400
775,775,한국패러랠,168490
776,776,한미글로벌,053690
777,777,방림,003610
778,778,자이에스앤디,317400
779,779,휠라홀딩스,081660
780,780,계룡건설,013580
781,781,영원무역홀딩스,009970
782,782,한화솔루션,009830
783,783,삼성전자,005930
784,784,일정실업,008500
785,785,신세계푸드,031440
786,786,카카오,035720
787,787,한국타이어앤테크놀로지,161390
788,788,에어부산,298690
789,789,용평리조트,070960
790,790,화성산업,002460
791,791,한진칼,180640
792,792,미래산업,025560
793,793,콤텍시스템,031820
794,794,파미셀,005690
795,795,대한제당우,001795
796,796,에스엘,005850
797,797,롯데제과,280360
798,798,SK하이닉스,000660
799,799,한화투자증권우,003535
800,800,동아쏘시오홀딩스,000640
801,801,한창,005110
802,802,GS리테일,007070
803,803,한국주철관,000970
804,804,DB손해보험,005830
805,805,미래에셋글로벌리츠,396690
806,806,원림,005820
807,807,진흥기업우B,002785
808,808,AK홀딩스,006840
809,809,신영와코루,005800
810,810,큐로,015590
811,811,삼영화학,003720
812,812,티웨이홀딩스,004870
813,813,롯데관광개발,032350
814,814,SK스퀘어,402340
815,815,교보증권,030610
816,816,국동,005320
817,817,KCC글라스,344820
818,818,다우기술,023590
819,819,한화3우B,00088K
820,820,SNT홀딩스,036530
821,821,한화에어로스페이스,012450
822,822,세진중공업,075580
823,823,CJ제일제당,097950
824,824,유니퀘스트,077500
825,825,진흥기업,002780
826,826,TCC스틸,002710
827,827,한솔케미칼,014680
828,828,F&F홀딩스,007700
829,829,가온전선,000500
830,830,계양전기우,012205
831,831,S-Oil우,010955
832,832,삼성물산,028260
833,833,미원에스씨,268280
834,834,이월드,084680
835,835,진양화학,051630
836,836,대우부품,009320
837,837,JB금융지주,175330
838,838,동부건설우,005965
839,839,삼성전기,009150
840,840,신풍제지,002870
841,841,동양생명,082640
842,842,세원정공,021820
843,843,기신정기,092440
844,844,키다리스튜디오,020120
845,845,유니온,000910
846,846,태경케미컬,006890
847,847,대덕1우,00806K
848,848,동양,001520
849,849,흥국화재2우B,000547
850,850,대한제강,084010
851,851,삼성에스디에스,018260
852,852,SGC에너지,005090
853,853,동원F&B,049770
854,854,대신증권2우B,003547
855,855,대원전선,006340
856,856,금강공업,014280
857,857,BGF리테일,282330
858,858,샘표,007540
859,859,코람코에너지리츠,357120
860,860,비케이탑스,030790
861,861,영진약품,003520
862,862,DL이앤씨우,37550K
863,863,제이콘텐트리,036420
864,864,우진,105840
865,865,SK아이이테크놀로지,361610
866,866,신영증권,001720
867,867,KR모터스,000040
868,868,대한항공우,003495
869,869,성신양회우,004985
870,870,SJM,123700
871,871,코스모신소재,005070
872,872,KPX케미칼,025000
873,873,롯데푸드,002270
874,874,종근당바이오,063160
875,875,LG이노텍,011070
876,876,넥스트사이언스,003580
877,877,금호건설,002990
878,878,태영건설우,009415
879,879,삼익THK,004380
880,880,녹십자,006280
881,881,에쓰씨엔지니어링,023960
882,882,진양홀딩스,100250
883,883,KPX홀딩스,092230
884,884,신흥,004080
885,885,신성이엔지,011930
886,886,WISCOM,024070
887,887,효성ITX,094280
888,888,하이스틸,071090
889,889,남양유업우,003925
890,890,폴루스바이오팜,007630
891,891,한미사이언스,008930
892,892,LG디스플레이,034220
893,893,토니모리,214420
894,894,SG글로벌,001380
895,895,기아,000270
896,896,신한서부티엔디리츠,404990
897,897,CJ4우(전환),00104K
898,898,핸즈코퍼레이션,143210
899,899,유니드,014830
900,900,풍산홀딩스,005810
901,901,SIMPAC,009160
902,902,미래에셋맵스리츠,357250
903,903,하이골드3호,153360
904,904,바다로19호,155900
905,905,국도화학,007690
906,906,삼양홀딩스,000070
907,907,웅진씽크빅,095720
908,908,갤럭시아에스엠,011420
909,909,한국ANKOR유전,152550
910,910,SG세계물산,004060
911,911,대우조선해양,042660
912,912,쿠쿠홈시스,284740
913,913,한화시스템,272210
914,914,아모레퍼시픽,090430
915,915,한국앤컴퍼니,000240
916,916,LIG넥스원,079550
917,917,에스디바이오센서,137310
918,918,삼일씨엔에스,004440
919,919,에이플러스에셋,244920
920,920,KTis,058860
921,921,금강공업우,014285
922,922,SKC,011790
923,923,삼성바이오로직스,207940
924,924,부산가스,015350
925,925,F&F,383220
926,926,대원제약,003220
927,927,효성첨단소재,298050
928,928,대성산업,128820
929,929,LG,003550
930,930,한국쉘석유,002960
931,931,디와이,013570
932,932,흥국화재,000540
933,933,LG전자,066570
934,934,DGB금융지주,139130
935,935,솔루스첨단소재2우B,33637L
936,936,휴비스,079980
937,937,상신브레이크,041650
938,938,삼원강재,023000
939,939,LX인터내셔널,001120
940,940,엔케이,085310
941,941,유성기업,002920
942,942,태광산업,003240
943,943,디딤,217620
944,944,하나머스트7호스팩,372290
945,945,웹스,196700
946,946,알체라,347860
947,947,듀오백,073190
948,948,뉴프렉스,085670
949,949,베셀,177350
950,950,메디프론,065650
951,951,넷게임즈,225570
952,952,엠게임,058630
953,953,풍강,093380
954,954,지스마트글로벌,114570
955,955,파버나인,177830
956,956,매일유업,267980
957,957,원익큐브,014190
958,958,유진기업,023410
959,959,영림원소프트랩,060850
960,960,테라사이언스,073640
961,961,KH 일렉트론,111870
962,962,성우테크론,045300
963,963,디와이씨,310870
964,964,프리엠스,053160
965,965,진성티이씨,036890
966,966,CMG제약,058820
967,967,대양전기공업,108380
968,968,코렌텍,104540
969,969,인바이오,352940
970,970,인텍플러스,064290
971,971,동국알앤에스,075970
972,972,크루셜텍,114120
973,973,인포마크,175140
974,974,유티아이,179900
975,975,빅텍,065450
976,976,디케이티,290550
977,977,노바텍,285490
978,978,데이타솔루션,263800
979,979,대성엘텍,025440
980,980,에프에스티,036810
981,981,티라유텍,322180
982,982,에스앤디,260970
983,983,아이진,185490
984,984,한양디지텍,078350
985,985,현대바이오,048410
986,986,아이에스이커머스,069920
987,987,태광,023160
988,988,아스타,246720
989,989,와이팜,332570
990,990,LX세미콘,108320
991,991,삼영에스앤씨,361670
992,992,이루온,065440
993,993,전진바이오팜,110020
994,994,지앤비에스엔지니어링,382800
995,995,텔레필드,091440
996,996,대보마그네틱,290670
997,997,위세아이텍,065370
998,998,KMH,122450
999,999,제일제강,023440
1000,1000,파나케이아,058530
1001,1001,상상인이안제2호스팩,329560
1002,1002,에스아이리소스,065420
1003,1003,메이슨캐피탈,021880
1004,1004,모다이노칩,080420
1005,1005,선진뷰티사이언스,086710
1006,1006,에이프로,262260
1007,1007,KH바텍,060720
1008,1008,디알텍,214680
1009,1009,에브리봇,270660
1010,1010,와이오엠,066430
1011,1011,코텍,052330
1012,1012,한컴위드,054920
1013,1013,아세아텍,050860
1014,1014,한국정보공학,039740
1015,1015,웨이브일렉트로,095270
1016,1016,에스텍파마,041910
1017,1017,에이치엠씨제4호스팩,353070
1018,1018,수젠텍,253840
1019,1019,효성오앤비,097870
1020,1020,매커스,093520
1021,1021,삼아제약,009300
1022,1022,리메드,302550
1023,1023,엔시스,333620
1024,1024,에이치엔티,176440
1025,1025,스포츠서울,039670
1026,1026,큐라클,365270
1027,1027,코오롱티슈진,950160
1028,1028,우리산업,215360
1029,1029,에스텍,069510
1030,1030,에스트래픽,234300
1031,1031,앱클론,174900
1032,1032,에코바이오,038870
1033,1033,한국전자금융,063570
1034,1034,동방선기,099410
1035,1035,나노,187790
1036,1036,서플러스글로벌,140070
1037,1037,하이제6호스팩,377400
1038,1038,조이시티,067000
1039,1039,포인트모바일,318020
1040,1040,WI,073570
1041,1041,리더스코스메틱,016100
1042,1042,강원에너지,114190
1043,1043,하나금융16호스팩,343510
1044,1044,에스피시스템스,317830
1045,1045,지놈앤컴퍼니,314130
1046,1046,비씨월드제약,200780
1047,1047,핌스,347770
1048,1048,캐리소프트,317530
1049,1049,신신제약,002800
1050,1050,비비씨,318410
1051,1051,제이엔케이히터,126880
1052,1052,에스제이그룹,306040
1053,1053,테스나,131970
1054,1054,SV인베스트먼트,289080
1055,1055,삼진엘앤디,054090
1056,1056,메디톡스,086900
1057,1057,이건홀딩스,039020
1058,1058,글로벌에스엠,900070
1059,1059,얼라인드,238120
1060,1060,셀트리온제약,068760
1061,1061,실리콘투,257720
1062,1062,솔트룩스,304100
1063,1063,알테오젠,196170
1064,1064,파이오링크,170790
1065,1065,매직마이크로,127160
1066,1066,프로이천,321260
1067,1067,애니젠,196300
1068,1068,파인텍,131760
1069,1069,제넨바이오,072520
1070,1070,서남,294630
1071,1071,우리넷,115440
1072,1072,원익피앤이,131390
1073,1073,한네트,052600
1074,1074,에이비온,203400
1075,1075,DMS,068790
1076,1076,아이컴포넌트,059100
1077,1077,휘닉스소재,050090
1078,1078,엔에스,217820
1079,1079,라파스,214260
1080,1080,에스씨디,042110
1081,1081,더블유에스아이,299170
1082,1082,유틸렉스,263050
1083,1083,에이비엘바이오,298380
1084,1084,큐로홀딩스,051780
1085,1085,미래컴퍼니,049950
1086,1086,코메론,049430
1087,1087,네오오토,212560
1088,1088,글로본,019660
1089,1089,팬엔터테인먼트,068050
1090,1090,데브시스터즈,194480
1091,1091,유진스팩6호,373340
1092,1092,동신건설,025950
1093,1093,모헨즈,006920
1094,1094,토박스코리아,215480
1095,1095,흥구석유,024060
1096,1096,에이에프더블류,312610
1097,1097,수산아이앤티,050960
1098,1098,인베니아,079950
1099,1099,지엘팜텍,204840
1100,1100,차백신연구소,261780
1101,1101,에이디칩스,054630
1102,1102,제이웨이,058420
1103,1103,코웰패션,033290
1104,1104,위드텍,348350
1105,1105,케이씨에스,115500
1106,1106,코데즈컴바인,047770
1107,1107,한탑,002680
1108,1108,GH신소재,130500
1109,1109,서울제약,018680
1110,1110,이스트아시아홀딩스,900110
1111,1111,가비아,079940
1112,1112,삼성스팩4호,377630
1113,1113,슈프리마에이치큐,094840
1114,1114,SM Life Design,063440
1115,1115,EMW,079190
1116,1116,신라섬유,001000
1117,1117,나이스디앤비,130580
1118,1118,정상제이엘에스,040420
1119,1119,삼보모터스,053700
1120,1120,제닉,123330
1121,1121,휴온스글로벌,084110
1122,1122,링네트,042500
1123,1123,이엔코퍼레이션,066980
1124,1124,티플랙스,081150
1125,1125,유진스팩7호,388800
1126,1126,라이온켐텍,171120
1127,1127,티움바이오,321550
1128,1128,에스엔유,080000
1129,1129,알티캐스트,085810
1130,1130,대한뉴팜,054670
1131,1131,진로발효,018120
1132,1132,엠플러스,259630
1133,1133,세진티에스,067770
1134,1134,코미팜,041960
1135,1135,옵티팜,153710
1136,1136,잉크테크,049550
1137,1137,사람인에이치알,143240
1138,1138,미디어젠,279600
1139,1139,코나아이,052400
1140,1140,큐렉소,060280
1141,1141,서연탑메탈,019770
1142,1142,썸에이지,208640
1143,1143,코리아센터,290510
1144,1144,파크시스템스,140860
1145,1145,파워로직스,047310
1146,1146,디엔에프,092070
1147,1147,큐에스아이,066310
1148,1148,미코,059090
1149,1149,위지트,036090
1150,1150,하이록코리아,013030
1151,1151,아난티,025980
1152,1152,레이,228670
1153,1153,셀리버리,268600
1154,1154,오상자이엘,053980
1155,1155,덱스터,206560
1156,1156,와이즈버즈,273060
1157,1157,KCI,036670
1158,1158,고바이오랩,348150
1159,1159,하이로닉,149980
1160,1160,대명소노시즌,007720
1161,1161,빛샘전자,072950
1162,1162,캠시스,050110
1163,1163,대유에이피,290120
1164,1164,마인즈랩,377480
1165,1165,덕산하이메탈,077360
1166,1166,국보디자인,066620
1167,1167,이삭엔지니어링,351330
1168,1168,지니틱스,303030
1169,1169,휴림로봇,090710
1170,1170,동국제약,086450
1171,1171,드림시큐리티,203650
1172,1172,프럼파스트,035200
1173,1173,컬러레이,900310
1174,1174,메디앙스,014100
1175,1175,엔에이치스팩20호,391060
1176,1176,루멘스,038060
1177,1177,하림지주,003380
1178,1178,알에스오토메이션,140670
1179,1179,노터스,278650
1180,1180,알에프텍,061040
1181,1181,투비소프트,079970
1182,1182,창해에탄올,004650
1183,1183,씨유테크,376290
1184,1184,인터엠,017250
1185,1185,HLB생명과학,067630
1186,1186,코디엠,224060
1187,1187,바이오솔루션,086820
1188,1188,지란지교시큐리티,208350
1189,1189,엔텔스,069410
1190,1190,JYP Ent.,035900
1191,1191,바이브컴퍼니,301300
1192,1192,동양에스텍,060380
1193,1193,와이제이엠게임즈,193250
1194,1194,폴라리스우노,114630
1195,1195,비덴트,121800
1196,1196,대원산업,005710
1197,1197,스튜디오드래곤,253450
1198,1198,유비쿼스,264450
1199,1199,피에스엠씨,024850
1200,1200,세동,053060
1201,1201,SBS콘텐츠허브,046140
1202,1202,유비쿼스홀딩스,078070
1203,1203,제테마,216080
1204,1204,아이티센,124500
1205,1205,모바일어플라이언스,087260
1206,1206,상보,027580
1207,1207,신라젠,215600
1208,1208,SFA반도체,036540
1209,1209,아이센스,099190
1210,1210,케이디켐,221980
1211,1211,아이스크림에듀,289010
1212,1212,카스,016920
1213,1213,메드팩토,235980
1214,1214,재영솔루텍,049630
1215,1215,현대바이오랜드,052260
1216,1216,삼천당제약,000250
1217,1217,코오롱생명과학,102940
1218,1218,덕신하우징,090410
1219,1219,한국선재,025550
1220,1220,대아티아이,045390
1221,1221,대화제약,067080
1222,1222,에이스토리,241840
1223,1223,레드캡투어,038390
1224,1224,와토스코리아,079000
1225,1225,우수AMS,066590
1226,1226,씨유메디칼,115480
1227,1227,KG ETS,151860
1228,1228,백금T&A,046310
1229,1229,네이처셀,007390
1230,1230,모베이스전자,012860
1231,1231,원익홀딩스,030530
1232,1232,제노코,361390
1233,1233,동국산업,005160
1234,1234,SNK,950180
1235,1235,아이티엠반도체,084850
1236,1236,코스나인,082660
1237,1237,아나패스,123860
1238,1238,SG,255220
1239,1239,KMH하이텍,052900
1240,1240,솔본,035610
1241,1241,이크레더블,092130
1242,1242,기산텔레콤,035460
1243,1243,COWON,056000
1244,1244,한국캐피탈,023760
1245,1245,지오엘리먼트,311320
1246,1246,위메이드,112040
1247,1247,디지털대성,068930
1248,1248,넥슨지티,041140
1249,1249,유니슨,018000
1250,1250,인텔리안테크,189300
1251,1251,모아텍,033200
1252,1252,유니크,011320
1253,1253,비츠로셀,082920
1254,1254,이엠코리아,095190
1255,1255,서암기계공업,100660
1256,1256,압타바이오,293780
1257,1257,오스코텍,039200
1258,1258,파루,043200
1259,1259,인크로스,216050
1260,1260,옴니시스템,057540
1261,1261,이지케어텍,099750
1262,1262,로스웰,900260
1263,1263,제로투세븐,159580
1264,1264,에스티아이,039440
1265,1265,메가엠디,133750
1266,1266,톱텍,108230
1267,1267,엔젠바이오,354200
1268,1268,SM C&C,048550
1269,1269,세종텔레콤,036630
1270,1270,이더블유케이,258610
1271,1271,육일씨엔에쓰,191410
1272,1272,에스엠,041510
1273,1273,메가스터디교육,215200
1274,1274,이오플로우,294090
1275,1275,상신전자,263810
1276,1276,비엠티,086670
1277,1277,세림B&G,340440
1278,1278,하나금융20호스팩,400560
1279,1279,디엔에이링크,127120
1280,1280,녹십자웰빙,234690
1281,1281,에이프로젠 H&G,109960
1282,1282,아모그린텍,125210
1283,1283,오비고,352910
1284,1284,ISC,095340
1285,1285,파세코,037070
1286,1286,디이엔티,079810
1287,1287,제우스,079370
1288,1288,셀리드,299660
1289,1289,코콤,015710
1290,1290,상지카일룸,042940
1291,1291,엘비세미콘,061970
1292,1292,국순당,043650
1293,1293,테고사이언스,191420
1294,1294,아진산업,013310
1295,1295,동일금속,109860
1296,1296,엘티씨,170920
1297,1297,한독크린텍,256150
1298,1298,CJ프레시웨이,051500
1299,1299,신도기연,290520
1300,1300,인바디,041830
1301,1301,영풍정밀,036560
1302,1302,한국정보통신,025770
1303,1303,네오리진,094860
1304,1304,위즈코프,038620
1305,1305,홈캐스트,064240
1306,1306,바이오다인,314930
1307,1307,켄코아에어로스페이스,274090
1308,1308,줌인터넷,239340
1309,1309,쎌바이오텍,049960
1310,1310,국일제지,078130
1311,1311,일승,333430
1312,1312,세코닉스,053450
1313,1313,트루윈,105550
1314,1314,힘스,238490
1315,1315,서호전기,065710
1316,1316,에스에스알,275630
1317,1317,우리이앤엘,153490
1318,1318,덕산네오룩스,213420
1319,1319,제너셈,217190
1320,1320,테라젠이텍스,066700
1321,1321,디지캡,197140
1322,1322,에스디시스템,121890
1323,1323,켐트로닉스,089010
1324,1324,싸이토젠,217330
1325,1325,쿠콘,294570
1326,1326,협진,138360
1327,1327,한국코퍼레이션,050540
1328,1328,아가방컴퍼니,013990
1329,1329,동운아나텍,094170
1330,1330,엔바이오니아,317870
1331,1331,이노인스트루먼트,215790
1332,1332,테라셈,182690
1333,1333,바이옵트로,222160
1334,1334,하나금융17호스팩,363260
1335,1335,신흥에스이씨,243840
1336,1336,대호특수강우,021045
1337,1337,오로스테크놀로지,322310
1338,1338,클리노믹스,352770
1339,1339,세틀뱅크,234340
1340,1340,인성정보,033230
1341,1341,배럴,267790
1342,1342,펩트론,087010
1343,1343,이퓨쳐,134060
1344,1344,아진엑스텍,059120
1345,1345,GST,083450
1346,1346,넥스트BT,065170
1347,1347,윈하이텍,192390
1348,1348,미래에셋대우스팩3호,328380
1349,1349,포스코엠텍,009520
1350,1350,크리스탈신소재,900250
1351,1351,룽투코리아,060240
1352,1352,넵튠,217270
1353,1353,와이어블,065530
1354,1354,영신금속,007530
1355,1355,씨앤지하이테크,264660
1356,1356,케이피에프,024880
1357,1357,휴마시스,205470
1358,1358,헬릭스미스,084990
1359,1359,인피니티엔티,016670
1360,1360,파트론,091700
1361,1361,태웅로직스,124560
1362,1362,프로스테믹스,203690
1363,1363,아이큐어,175250
1364,1364,한국팩키지,037230
1365,1365,교보9호스팩,331520
1366,1366,신라에스지,025870
1367,1367,일지테크,019540
1368,1368,까스텔바작,308100
1369,1369,휴맥스,115160
1370,1370,엘앤씨바이오,290650
1371,1371,에스에이티,060540
1372,1372,나노신소재,121600
1373,1373,에이티넘인베스트,021080
1374,1374,이노테라피,246960
1375,1375,동일철강,023790
1376,1376,알엔투테크놀로지,148250
1377,1377,삼보판지,023600
1378,1378,아이톡시,052770
1379,1379,AP시스템,265520
1380,1380,릭스솔루션,029480
1381,1381,휴메딕스,200670
1382,1382,동화기업,025900
1383,1383,클래시스,214150
1384,1384,피제이메탈,128660
1385,1385,명성티엔에스,257370
1386,1386,무림SP,001810
1387,1387,피엔케이피부임상연구센타,347740
1388,1388,다믈멀티미디어,093640
1389,1389,액트로,290740
1390,1390,리더스 기술투자,019570
1391,1391,에이스침대,003800
1392,1392,이수앱지스,086890
1393,1393,유진로봇,056080
1394,1394,현대사료,016790
1395,1395,신한제6호스팩,333050
1396,1396,디지틀조선,033130
1397,1397,아이씨디,040910
1398,1398,하나기술,299030
1399,1399,제주맥주,276730
1400,1400,비에이치,090460
1401,1401,PN풍년,024940
1402,1402,케이피엠테크,042040
1403,1403,유네코,064510
1404,1404,아바텍,149950
1405,1405,녹원씨엔아이,065560
1406,1406,서울바이오시스,092190
1407,1407,에이스테크,088800
1408,1408,아즈텍WB,032080
1409,1409,한국유니온제약,080720
1410,1410,현대이지웰,090850
1411,1411,KH E&T,226360
1412,1412,하나금융14호스팩,332710
1413,1413,디케이앤디,263020
1414,1414,제이티,089790
1415,1415,에너토크,019990
1416,1416,원익IPS,240810
1417,1417,켐트로스,220260
1418,1418,IBKS제15호스팩,373200
1419,1419,iMBC,052220
1420,1420,엔시트론,101400
1421,1421,우진비앤지,018620
1422,1422,에이치시티,072990
1423,1423,중앙디앤엠,051980
1424,1424,씨엠에스에듀,225330
1425,1425,엔케이맥스,182400
1426,1426,에프엔에스테크,083500
1427,1427,피에이치에이,043370
1428,1428,아이패밀리에스씨,114840
1429,1429,뷰노,338220
1430,1430,엔피디,198080
1431,1431,이엠텍,091120
1432,1432,하츠,066130
1433,1433,정산애강,022220
1434,1434,코센,009730
1435,1435,시그네틱스,033170
1436,1436,신원종합개발,017000
1437,1437,아이오케이,078860
1438,1438,YBM넷,057030
1439,1439,한국9호스팩,368770
1440,1440,엔지켐생명과학,183490
1441,1441,레몬,294140
1442,1442,아미코젠,092040
1443,1443,인피니트헬스케어,071200
1444,1444,ES큐브,050120
1445,1445,대양제지,006580
1446,1446,테크윙,089030
1447,1447,삼목에스폼,018310
1448,1448,소마젠,950200
1449,1449,인콘,083640
1450,1450,피델릭스,032580
1451,1451,네오티스,085910
1452,1452,팅크웨어,084730
1453,1453,리노스,039980
1454,1454,메디콕스,054180
1455,1455,알파홀딩스,117670
1456,1456,남화산업,111710
1457,1457,라이프시맨틱스,347700
1458,1458,엔투텍,227950
1459,1459,일야,058450
1460,1460,동양파일,228340
1461,1461,KG이니시스,035600
1462,1462,씨앤씨인터내셔널,352480
1463,1463,대성미생물,036480
1464,1464,탑코미디어,134580
1465,1465,대림제지,017650
1466,1466,파라텍,033540
1467,1467,아모텍,052710
1468,1468,엠에프엠코리아,323230
1469,1469,제이앤티씨,204270
1470,1470,삼표시멘트,038500
1471,1471,슈프리마아이디,317770
1472,1472,서한,011370
1473,1473,삼성머스트스팩5호,380320
1474,1474,가온미디어,078890
1475,1475,지에스이,053050
1476,1476,이녹스,088390
1477,1477,유안타제7호스팩,367460
1478,1478,윌링스,313760
1479,1479,일진파워,094820
1480,1480,감성코퍼레이션,036620
1481,1481,카페24,042000
1482,1482,로보스타,090360
1483,1483,원익,032940
1484,1484,케이엠,083550
1485,1485,마니커에프앤지,195500
1486,1486,갤럭시아머니트리,094480
1487,1487,한송네오텍,226440
1488,1488,미래나노텍,095500
1489,1489,대주전자재료,078600
1490,1490,코리아에스이,101670
1491,1491,오픈베이스,049480
1492,1492,윈텍,320000
1493,1493,우주일렉트로,065680
1494,1494,푸른기술,094940
1495,1495,모비스,250060
1496,1496,연우,115960
1497,1497,하이비젼시스템,126700
1498,1498,이오테크닉스,039030
1499,1499,서부T&D,006730
1500,1500,아시아경제,127710
1501,1501,동양이엔피,079960
1502,1502,인트로메딕,150840
1503,1503,팬젠,222110
1504,1504,콜마비앤에이치,200130
1505,1505,올릭스,226950
1506,1506,하나금융15호스팩,341160
1507,1507,세종메디칼,258830
1508,1508,코맥스,036690
1509,1509,네온테크,306620
1510,1510,케이피티유,054410
1511,1511,시너지이노베이션,048870
1512,1512,시티랩스,139050
1513,1513,프로텍,053610
1514,1514,한컴MDS,086960
1515,1515,와이엠티,251370
1516,1516,나노브릭,286750
1517,1517,연이비앤티,090740
1518,1518,KT서브마린,060370
1519,1519,팬스타엔터프라이즈,054300
1520,1520,스페코,013810
1521,1521,휴비츠,065510
1522,1522,동진쎄미켐,005290
1523,1523,자이글,234920
1524,1524,에이트원,230980
1525,1525,와이엠씨,155650
1526,1526,골프존뉴딘홀딩스,121440
1527,1527,이글벳,044960
1528,1528,브이티지엠피,018290
1529,1529,스킨앤스킨,159910
1530,1530,지아이텍,382480
1531,1531,타이거일렉,219130
1532,1532,누리플랜,069140
1533,1533,유니트론텍,142210
1534,1534,삼화네트웍스,046390
1535,1535,에스씨엠생명과학,298060
1536,1536,아이크래프트,052460
1537,1537,바른손이앤에이,035620
1538,1538,3S,060310
1539,1539,포스코 ICT,022100
1540,1540,씨젠,096530
1541,1541,신한제7호스팩,366330
1542,1542,팜스빌,318010
1543,1543,유니테스트,086390
1544,1544,휴먼엔,032860
1545,1545,래몽래인,200350
1546,1546,포커스에이치엔에스,331380
1547,1547,엘엠에스,073110
1548,1548,새로닉스,042600
1549,1549,KNN,058400
1550,1550,컴퍼니케이,307930
1551,1551,한화플러스제2호스팩,386580
1552,1552,디어유,376300
1553,1553,KB오토시스,024120
1554,1554,센코,347000
1555,1555,세화피앤씨,252500
1556,1556,에프앤가이드,064850
1557,1557,멕아이씨에스,058110
1558,1558,자비스,254120
1559,1559,나스미디어,089600
1560,1560,남화토건,091590
1561,1561,하이제7호스팩,400840
1562,1562,비에이치아이,083650
1563,1563,지더블유바이텍,036180
1564,1564,엘컴텍,037950
1565,1565,케이비제20호스팩,342550
1566,1566,성호전자,043260
1567,1567,한국큐빅,021650
1568,1568,영화테크,265560
1569,1569,이지바이오,353810
1570,1570,칩스앤미디어,094360
1571,1571,한국바이오젠,318000
1572,1572,위닉스,044340
1573,1573,제넥신,095700
1574,1574,신한제8호스팩,393360
1575,1575,대원미디어,048910
1576,1576,바이넥스,053030
1577,1577,에이치엠씨제5호스팩,353060
1578,1578,BNGT,032790
1579,1579,대신정보통신,020180
1580,1580,대신밸런스제10호스팩,387310
1581,1581,씨이랩,189330
1582,1582,드림씨아이에스,223250
1583,1583,제이씨케미칼,137950
1584,1584,크리스에프앤씨,110790
1585,1585,엠브레인,169330
1586,1586,윈팩,097800
1587,1587,휴젤,145020
1588,1588,에스피지,058610
1589,1589,CNT85,056730
1590,1590,제룡산업,147830
1591,1591,CBI,013720
1592,1592,유아이디,069330
1593,1593,대동기어,008830
1594,1594,한국맥널티,222980
1595,1595,브릿지바이오테라퓨틱스,288330
1596,1596,골드퍼시픽,038530
1597,1597,에프앤리퍼블릭,064090
1598,1598,스타플렉스,115570
1599,1599,피플바이오,304840
1600,1600,엠에스씨,009780
1601,1601,라닉스,317120
1602,1602,네오팜,092730
1603,1603,코아시아,045970
1604,1604,지니언스,263860
1605,1605,야스,255440
1606,1606,코미코,183300
1607,1607,유에스티,263770
1608,1608,엔에이치스팩22호,396770
1609,1609,아이퀘스트,262840
1610,1610,이상네트웍스,080010
1611,1611,IBKS제12호스팩,335870
1612,1612,한국경제TV,039340
1613,1613,오리엔트정공,065500
1614,1614,본느,226340
1615,1615,싸이버원,356890
1616,1616,한프,066110
1617,1617,피에이치씨,057880
1618,1618,아이엠,101390
1619,1619,드림어스컴퍼니,060570
1620,1620,흥국,010240
1621,1621,에스앤더블류,103230
1622,1622,선데이토즈,123420
1623,1623,블루콤,033560
1624,1624,큐리언트,115180
1625,1625,GRT,900290
1626,1626,네오셈,253590
1627,1627,엘비루셈,376190
1628,1628,나라엠앤디,051490
1629,1629,한창산업,079170
1630,1630,시큐브,131090
1631,1631,디지탈옵틱,106520
1632,1632,샘코,263540
1633,1633,위메이드맥스,101730
1634,1634,웹젠,069080
1635,1635,오공,045060
1636,1636,피코그램,376180
1637,1637,에이비프로바이오,195990
1638,1638,하나마이크론,067310
1639,1639,올리패스,244460
1640,1640,세보엠이씨,011560
1641,1641,HLB제약,047920
1642,1642,솔브레인홀딩스,036830
1643,1643,에이티세미콘,089530
1644,1644,금화피에스시,036190
1645,1645,예스티,122640
1646,1646,키네마스터,139670
1647,1647,THQ,192410
1648,1648,네오위즈,095660
1649,1649,현대공업,170030
1650,1650,코윈테크,282880
1651,1651,에코프로,086520
1652,1652,미코바이오메드,214610
1653,1653,안랩,053800
1654,1654,나노캠텍,091970
1655,1655,HK이노엔,195940
1656,1656,수성이노베이션,084180
1657,1657,세경하이테크,148150
1658,1658,TJ미디어,032540
1659,1659,나이벡,138610
1660,1660,동우팜투테이블,088910
1661,1661,엠로,058970
1662,1662,한국알콜,017890
1663,1663,유앤아이,056090
1664,1664,이글루시큐리티,067920
1665,1665,포티스,141020
1666,1666,에이치피오,357230
1667,1667,인포바인,115310
1668,1668,웰크론,065950
1669,1669,코위버,056360
1670,1670,누리플렉스,040160
1671,1671,펄어비스,263750
1672,1672,제이시스메디칼,287410
1673,1673,삼천리자전거,024950
1674,1674,아이디스홀딩스,054800
1675,1675,KD,044180
1676,1676,엘디티,096870
1677,1677,씨엔플러스,115530
1678,1678,아이원스,114810
1679,1679,레인보우로보틱스,277810
1680,1680,제이브이엠,054950
1681,1681,바이오톡스텍,086040
1682,1682,윙입푸드,900340
1683,1683,테스,095610
1684,1684,우리로,046970
1685,1685,APS홀딩스,054620
1686,1686,화성밸브,039610
1687,1687,에스와이,109610
1688,1688,비디아이,148140
1689,1689,한창바이오텍,043090
1690,1690,셀레믹스,331920
1691,1691,젬백스,082270
1692,1692,신테카바이오,226330
1693,1693,SBI인베스트먼트,019550
1694,1694,민앤지,214180
1695,1695,피앤씨테크,237750
1696,1696,뉴보텍,060260
1697,1697,양지사,030960
1698,1698,젠큐릭스,229000
1699,1699,뉴지랩파마,214870
1700,1700,디스플레이텍,066670
1701,1701,지티지웰니스,219750
1702,1702,파라다이스,034230
1703,1703,유안타제8호스팩,367480
1704,1704,티앤엘,340570
1705,1705,휴맥스홀딩스,028080
1706,1706,유진테크,084370
1707,1707,미투젠,950190
1708,1708,THE MIDONG,161570
1709,1709,이원컴포텍,088290
1710,1710,리노공업,058470
1711,1711,미래생명자원,218150
1712,1712,씨아이에스,222080
1713,1713,그린플러스,186230
1714,1714,케이씨티,089150
1715,1715,흥국에프엔비,189980
1716,1716,아시아종묘,154030
1717,1717,아모센스,357580
1718,1718,아래스,050320
1719,1719,파커스,065690
1720,1720,케이엘넷,039420
1721,1721,한솔인티큐브,070590
1722,1722,대모,317850
1723,1723,엔에스엔,031860
1724,1724,엠피대산,065150
1725,1725,이지홀딩스,035810
1726,1726,RF머트리얼즈,327260
1727,1727,삼영엠텍,054540
1728,1728,에스에프에이,056190
1729,1729,하림,136480
1730,1730,레이크머티리얼즈,281740
1731,1731,오킨스전자,080580
1732,1732,유라테크,048430
1733,1733,신성델타테크,065350
1734,1734,교보11호스팩,397880
1735,1735,리파인,377450
1736,1736,핑거,163730
1737,1737,티엘아이,062860
1738,1738,삼현철강,017480
1739,1739,옵티시스,109080
1740,1740,코아시아옵틱스,196450
1741,1741,삼강엠앤티,100090
1742,1742,에이치엘사이언스,239610
1743,1743,엔지스테크널러지,208860
1744,1744,세명전기,017510
1745,1745,에이치케이,044780
1746,1746,부스타,008470
1747,1747,에코프로비엠,247540
1748,1748,에스맥,097780
1749,1749,성창오토텍,080470
1750,1750,마크로젠,038290
1751,1751,원바이오젠,307280
1752,1752,엔에이치스팩18호,365590
1753,1753,에이텍티앤,224110
1754,1754,에이팩트,200470
1755,1755,바이오니아,064550
1756,1756,아톤,158430
1757,1757,원익QnC,074600
1758,1758,SG&G,040610
1759,1759,화신정공,126640
1760,1760,소리바다,053110
1761,1761,엔피케이,048830
1762,1762,피에스케이홀딩스,031980
1763,1763,아이디스,143160
1764,1764,티로보틱스,117730
1765,1765,대호특수강,021040
1766,1766,에디슨EV,136510
1767,1767,에코플라스틱,038110
1768,1768,해성옵틱스,076610
1769,1769,홈센타홀딩스,060560
1770,1770,NE능률,053290
1771,1771,퀀타매트릭스,317690
1772,1772,서린바이오,038070
1773,1773,브이원텍,251630
1774,1774,NHN한국사이버결제,060250
1775,1775,케이엔더블유,105330
1776,1776,넥스틴,348210
1777,1777,미스터블루,207760
1778,1778,와이솔,122990
1779,1779,원방테크,053080
1780,1780,어보브반도체,102120
1781,1781,아스트,067390
1782,1782,이스트소프트,047560
1783,1783,하나머티리얼즈,166090
1784,1784,자이언트스텝,289220
1785,1785,엔비티,236810
1786,1786,러셀,217500
1787,1787,세원,234100
1788,1788,참존글로벌,158310
1789,1789,애머릿지,900100
1790,1790,블루베리 NFT,044480
1791,1791,씨에스베어링,297090
1792,1792,에스폴리텍,050760
1793,1793,액션스퀘어,205500
1794,1794,원풍,008370
1795,1795,상상인인더스트리,101000
1796,1796,해성티피씨,059270
1797,1797,노랑풍선,104620
1798,1798,파나진,046210
1799,1799,한스바이오메드,042520
1800,1800,유일에너테크,340930
1801,1801,엘앤에프,066970
1802,1802,EDGC,245620
1803,1803,경남제약헬스케어,223310
1804,1804,코이즈,121850
1805,1805,엔에프씨,265740
1806,1806,엑세스바이오,950130
1807,1807,로체시스템즈,071280
1808,1808,내츄럴엔도텍,168330
1809,1809,자연과환경,043910
1810,1810,오하임아이엔티,309930
1811,1811,파멥신,208340
1812,1812,장원테크,174880
1813,1813,덕우전자,263600
1814,1814,RFHIC,218410
1815,1815,디젠스,113810
1816,1816,아이비김영,339950
1817,1817,에치에프알,230240
1818,1818,엔브이에이치코리아,067570
1819,1819,켐온,217600
1820,1820,엘오티베큠,083310
1821,1821,에이테크솔루션,071670
1822,1822,광진실업,026910
1823,1823,펌텍코리아,251970
1824,1824,피피아이,062970
1825,1825,국전약품,307750
1826,1826,케이엠더블유,032500
1827,1827,케이엠제약,225430
1828,1828,픽셀플러스,087600
1829,1829,대동금속,020400
1830,1830,제일테크노스,038010
1831,1831,바이오로그디바이스,208710
1832,1832,티씨케이,064760
1833,1833,빅솔론,093190
1834,1834,비피도,238200
1835,1835,캔서롭,180400
1836,1836,위지윅스튜디오,299900
1837,1837,티케이케미칼,104480
1838,1838,메디아나,041920
1839,1839,오디텍,080520
1840,1840,대원,007680
1841,1841,아이디피,332370
1842,1842,인지디스플레,037330
1843,1843,티에스이,131290
1844,1844,뉴트리,270870
1845,1845,TS트릴리온,317240
1846,1846,제룡전기,033100
1847,1847,상상인,038540
1848,1848,유니온커뮤니티,203450
1849,1849,라온테크,232680
1850,1850,슈피겐코리아,192440
1851,1851,아미노로직스,074430
1852,1852,예선테크,250930
1853,1853,신영스팩5호,323280
1854,1854,서울반도체,046890
1855,1855,한국비엔씨,256840
1856,1856,유바이오로직스,206650
1857,1857,인포뱅크,039290
1858,1858,제노포커스,187420
1859,1859,삼양옵틱스,225190
1860,1860,와이엠텍,273640
1861,1861,이랜시스,264850
1862,1862,마이크로디지탈,305090
1863,1863,엠투아이,347890
1864,1864,지엔씨에너지,119850
1865,1865,대주산업,003310
1866,1866,컴투스,078340
1867,1867,하이소닉,106080
1868,1868,해성산업1우,03481K
1869,1869,에코캡,128540
1870,1870,KPX생명과학,114450
1871,1871,천보,278280
1872,1872,에이디테크놀로지,200710
1873,1873,피제이전자,006140
1874,1874,트윔,290090
1875,1875,라이트론,069540
1876,1876,유안타제5호스팩,336060
1877,1877,인트론바이오,048530
1878,1878,다보링크,340360
1879,1879,THE E&M,089230
1880,1880,위니아딤채,071460
1881,1881,심텍홀딩스,036710
1882,1882,제이엠티,094970
1883,1883,유성티엔에스,024800
1884,1884,파수,150900
1885,1885,KG모빌리언스,046440
1886,1886,메카로,241770
1887,1887,케이프,064820
1888,1888,바이오플러스,099430
1889,1889,스튜디오산타클로스,204630
1890,1890,나노씨엠에스,247660
1891,1891,에이루트,096690
1892,1892,원익머트리얼즈,104830
1893,1893,현진소재,053660
1894,1894,플레이위드,023770
1895,1895,진양제약,007370
1896,1896,기가레인,049080
1897,1897,지나인제약,078650
1898,1898,파인디지털,038950
1899,1899,딥노이드,315640
1900,1900,엠아이텍,179290
1901,1901,삼륭물산,014970
1902,1902,코다코,046070
1903,1903,클리오,237880
1904,1904,아이텍,119830
1905,1905,멀티캠퍼스,067280
1906,1906,CNH,023460
1907,1907,나인테크,267320
1908,1908,우정바이오,215380
1909,1909,신일제약,012790
1910,1910,삼일기업공사,002290
1911,1911,케어젠,214370
1912,1912,휴럼,353190
1913,1913,지니너스,389030
1914,1914,이루다,164060
1915,1915,디앤씨미디어,263720
1916,1916,비투엔,307870
1917,1917,한일단조,024740
1918,1918,코리아에셋투자증권,190650
1919,1919,에이텍,045660
1920,1920,비트나인,357880
1921,1921,오로라,039830
1922,1922,글로벌텍스프리,204620
1923,1923,HB솔루션,297890
1924,1924,윈스,136540
1925,1925,아비코전자,036010
1926,1926,우리기술투자,041190
1927,1927,한라IMS,092460
1928,1928,소프트센,032680
1929,1929,에스엠코어,007820
1930,1930,동일기연,032960
1931,1931,솔고바이오,043100
1932,1932,엔켐,348370
1933,1933,심텍,222800
1934,1934,성우하이텍,015750
1935,1935,쌍용정보통신,010280
1936,1936,팜스토리,027710
1937,1937,상아프론테크,089980
1938,1938,코아스템,166480
1939,1939,이노와이어리스,073490
1940,1940,광림,014200
1941,1941,지엔원에너지,270520
1942,1942,아이씨케이,068940
1943,1943,태양,053620
1944,1944,이큐셀,160600
1945,1945,엔피,291230
1946,1946,금강철강,053260
1947,1947,리드코프,012700
1948,1948,동국S&C,100130
1949,1949,엘앤케이바이오,156100
1950,1950,구영테크,053270
1951,1951,티에스아이,277880
1952,1952,셀바스헬스케어,208370
1953,1953,케어랩스,263700
1954,1954,한양이엔지,045100
1955,1955,서원인텍,093920
1956,1956,다날,064260
1957,1957,안트로젠,065660
1958,1958,제일전기공업,199820
1959,1959,프롬바이오,377220
1960,1960,쎄트렉아이,099320
1961,1961,차바이오텍,085660
1962,1962,쎄노텍,222420
1963,1963,선익시스템,171090
1964,1964,셀트리온헬스케어,091990
1965,1965,플리토,300080
1966,1966,바이오스마트,038460
1967,1967,케이프이에스제4호,347140
1968,1968,덕산테코피아,317330
1969,1969,아우딘퓨쳐스,227610
1970,1970,스맥,099440
1971,1971,EG,037370
1972,1972,네오크레마,311390
1973,1973,프레스티지바이오로직스,334970
1974,1974,서전기전,189860
1975,1975,이노뎁,303530
1976,1976,위더스제약,330350
1977,1977,석경에이티,357550
1978,1978,피씨엘,241820
1979,1979,중앙에너비스,000440
1980,1980,브리지텍,064480
1981,1981,케이에스피,073010
1982,1982,디에이피,066900
1983,1983,네오펙트,290660
1984,1984,디바이스이엔지,187870
1985,1985,서희건설,035890
1986,1986,DB금융스팩8호,367340
1987,1987,다원시스,068240
1988,1988,광진윈텍,090150
1989,1989,신영스팩6호,344050
1990,1990,제이씨현시스템,033320
1991,1991,바이온,032980
1992,1992,하이제5호스팩,340120
1993,1993,안국약품,001540
1994,1994,셀바스AI,108860
1995,1995,드래곤플라이,030350
1996,1996,크린앤사이언스,045520
1997,1997,경남스틸,039240
1998,1998,우리기술,032820
1999,1999,플래티어,367000
2000,2000,애니플러스,310200
2001,2001,포시에스,189690
2002,2002,진바이오텍,086060
2003,2003,DSC인베스트먼트,241520
2004,2004,코리아에프티,123410
2005,2005,제일바이오,052670
2006,2006,이노메트리,302430
2007,2007,휴네시온,290270
2008,2008,원일특강,012620
2009,2009,컴투스홀딩스,063080
2010,2010,뷰웍스,100120
2011,2011,디에스케이,109740
2012,2012,바텍,043150
2013,2013,엑시콘,092870
2014,2014,알비더블유,361570
2015,2015,동원개발,013120
2016,2016,에스티큐브,052020
2017,2017,이미지스,115610
2018,2018,휴온스,243070
2019,2019,대유,290380
2020,2020,케이비제18호스팩,323940
2021,2021,휴센텍,215090
2022,2022,루트로닉3우C,08537M
2023,2023,비아트론,141000
2024,2024,쇼박스,086980
2025,2025,뉴인텍,012340
2026,2026,특수건설,026150
2027,2027,소룩스,290690
2028,2028,SK5호스팩,337450
2029,2029,베스파,299910
2030,2030,조아제약,034940
2031,2031,인선이엔티,060150
2032,2032,제노레이,122310
2033,2033,티엘비,356860
2034,2034,폴라리스웍스,123010
2035,2035,와이엔텍,067900
2036,2036,샘씨엔에스,252990
2037,2037,대한약품,023910
2038,2038,인터파크,035080
2039,2039,오이솔루션,138080
2040,2040,크로바하이텍,043590
2041,2041,이니텍,053350
2042,2042,케이피에스,256940
2043,2043,보광산업,225530
2044,2044,스카이문스테크놀로지,033790
2045,2045,오리엔탈정공,014940
2046,2046,피씨디렉트,051380
2047,2047,마이크로컨텍솔,098120
2048,2048,에스퓨얼셀,288620
2049,2049,정원엔시스,045510
2050,2050,이엠앤아이,083470
2051,2051,한일사료,005860
2052,2052,디아이티,110990
2053,2053,바른전자,064520
2054,2054,씨앤투스성진,352700
2055,2055,퓨쳐켐,220100
2056,2056,제이스텍,090470
2057,2057,네이블,153460
2058,2058,에스코넥,096630
2059,2059,셀루메드,049180
2060,2060,지엔코,065060
2061,2061,우리바이오,082850
2062,2062,현대에이치티,039010
2063,2063,SDN,099220
2064,2064,디지아이,043360
2065,2065,SGA솔루션즈,184230
2066,2066,에스넷,038680
2067,2067,유신,054930
2068,2068,보라티알,250000
2069,2069,유비케어,032620
2070,2070,로보로보,215100
2071,2071,엘아이에스,138690
2072,2072,한국전자인증,041460
2073,2073,AP위성,211270
2074,2074,주성엔지니어링,036930
2075,2075,성광벤드,014620
2076,2076,프리시젼바이오,335810
2077,2077,매일홀딩스,005990
2078,2078,아이에이,038880
2079,2079,에스앤에스텍,101490
2080,2080,성우전자,081580
2081,2081,대성창투,027830
2082,2082,와이아이케이,232140
2083,2083,희림,037440
2084,2084,아주IB투자,027360
2085,2085,세운메디칼,100700
2086,2086,이씨에스,067010
2087,2087,제놀루션,225220
2088,2088,DB금융스팩9호,367360
2089,2089,에코프로에이치엔,383310
2090,2090,CJ ENM,035760
2091,2091,압타머사이언스,291650
2092,2092,코스온,069110
2093,2093,한국테크놀로지,053590
2094,2094,아이쓰리시스템,214430
2095,2095,예림당,036000
2096,2096,CSA 코스믹,083660
2097,2097,큐캐피탈,016600
2098,2098,씨케이에이치,900120
2099,2099,바디텍메드,206640
2100,2100,에스에이엠티,031330
2101,2101,NHN벅스,104200
2102,2102,NICE평가정보,030190
2103,2103,케이티알파,036030
2104,2104,CJ 바이오사이언스,311690
2105,2105,앤씨앤,092600
2106,2106,크리스탈지노믹스,083790
2107,2107,이베스트투자증권,078020
2108,2108,유테크,178780
2109,2109,오스템임플란트,048260
2110,2110,이화전기,024810
2111,2111,청담러닝,096240
2112,2112,키이스트,054780
2113,2113,승일,049830
2114,2114,대한그린파워,060900
2115,2115,피에스케이,319660
2116,2116,디케이락,105740
2117,2117,멜파스,096640
2118,2118,지어소프트,051160
2119,2119,다산네트웍스,039560
2120,2120,유니테크노,241690
2121,2121,이라이콤,041520
2122,2122,오가닉티코스메틱,900300
2123,2123,젬백스링크,064800
2124,2124,SK6호스팩,340350
2125,2125,씨엔알리서치,359090
2126,2126,HB테크놀러지,078150
2127,2127,아바코,083930
2128,2128,원풍물산,008290
2129,2129,아이티아이즈,372800
2130,2130,미투온,201490
2131,2131,제주반도체,080220
2132,2132,현대무벡스,319400
2133,2133,CS,065770
2134,2134,코엔텍,029960
2135,2135,디와이디,219550
2136,2136,폴라리스오피스,041020
2137,2137,교보10호스팩,355150
2138,2138,스카이이앤엠,131100
2139,2139,아이즈비전,031310
2140,2140,SBI핀테크솔루션즈,950110
2141,2141,신화인터텍,056700
2142,2142,파워넷,037030
2143,2143,시공테크,020710
2144,2144,피엔티,137400
2145,2145,녹십자엠에스,142280
2146,2146,골든센츄리,900280
2147,2147,얍엑스,060230
2148,2148,큐브엔터,182360
2149,2149,초록뱀미디어,047820
2150,2150,대신밸런스제7호스팩,332290
2151,2151,세원물산,024830
2152,2152,골프존,215000
2153,2153,헝셩그룹,900270
2154,2154,삼보산업,009620
2155,2155,케이티비네트워크,298870
2156,2156,에프알텍,073540
2157,2157,오리콤,010470
2158,2158,OQP,078590
2159,2159,뉴로스,126870
2160,2160,지씨셀,144510
2161,2161,SCI평가정보,036120
2162,2162,동구바이오제약,006620
2163,2163,농우바이오,054050
2164,2164,비나텍,126340
2165,2165,엠케이전자,033160
2166,2166,경창산업,024910
2167,2167,오스테오닉,226400
2168,2168,코세스,089890
2169,2169,서진오토모티브,122690
2170,2170,디에이테크놀로지,196490
2171,2171,우림피티에스,101170
2172,2172,그리티,204020
2173,2173,푸른저축은행,007330
2174,2174,이엠넷,123570
2175,2175,라온시큐어,042510
2176,2176,텔레칩스,054450
2177,2177,에이피티씨,089970
2178,2178,시노펙스,025320
2179,2179,모바일리더,100030
2180,2180,이트론,096040
2181,2181,솔브레인,357780
2182,2182,푸드나무,290720
2183,2183,알로이스,297570
2184,2184,KBI메탈,024840
2185,2185,제이에스티나,026040
2186,2186,국일신동,060480
2187,2187,삼영이엔씨,065570
2188,2188,오텍,067170
2189,2189,웹케시,053580
2190,2190,네오위즈홀딩스,042420
2191,2191,뉴파워프라즈마,144960
2192,2192,한글과컴퓨터,030520
2193,2193,체리부로,066360
2194,2194,베노홀딩스,206400
2195,2195,티앤알바이오팹,246710
2196,2196,월덱스,101160
2197,2197,강스템바이오텍,217730
2198,2198,비보존 헬스케어,082800
2199,2199,디티앤씨,187220
2200,2200,라온피플,300120
2201,2201,태웅,044490
2202,2202,링크제니시스,219420
2203,2203,하나금융19호스팩,388220
2204,2204,넥스턴바이오,089140
2205,2205,마이더스AI,222810
2206,2206,브랜드엑스코퍼레이션,337930
2207,2207,인탑스,049070
2208,2208,아프리카TV,067160
2209,2209,툴젠,199800
2210,2210,휴온스블러썸,263920
2211,2211,선광,003100
2212,2212,좋은사람들,033340
2213,2213,하이텍팜,106190
2214,2214,정다운,208140
2215,2215,에코마케팅,230360
2216,2216,바이젠셀,308080
2217,2217,비츠로시스,054220
2218,2218,티사이언티픽,057680
2219,2219,패션플랫폼,225590
2220,2220,나노엔텍,039860
2221,2221,브레인즈컴퍼니,099390
2222,2222,엠에스오토텍,123040
2223,2223,한일화학,007770
2224,2224,쏠리드,050890
2225,2225,세영디앤씨,052190
2226,2226,대한광통신,010170
2227,2227,원티드랩,376980
2228,2228,대정화금,120240
2229,2229,플레이디,237820
2230,2230,동아화성,041930
2231,2231,엔에이치스팩21호,391710
2232,2232,지노믹트리,228760
2233,2233,ITX-AI,099520
2234,2234,에스티팜,237690
2235,2235,와이지-원,019210
2236,2236,노바렉스,194700
2237,2237,나이스정보통신,036800
2238,2238,씨티씨바이오,060590
2239,2239,한일진공,123840
2240,2240,HLB,028300
2241,2241,SGC이테크건설,016250
2242,2242,알리코제약,260660
2243,2243,메지온,140410
2244,2244,한국가구,004590
2245,2245,버킷스튜디오,066410
2246,2246,영우디에스피,143540
2247,2247,도이치모터스,067990
2248,2248,미래에셋벤처투자,100790
2249,2249,아이엘사이언스,307180
2250,2250,비올,335890
2251,2251,솔루에타,154040
2252,2252,토탈소프트,045340
2253,2253,JW신약,067290
2254,2254,일신바이오,068330
2255,2255,맥스트,377030
2256,2256,코디,080530
2257,2257,엠투엔,033310
2258,2258,박셀바이오,323990
2259,2259,캐스텍코리아,071850
2260,2260,케이사인,192250
2261,2261,바른손,018700
2262,2262,제이엠아이,033050
2263,2263,나우IB,293580
2264,2264,모두투어,080160
2265,2265,텔콘RF제약,200230
2266,2266,소프트캠프,258790
2267,2267,쎄니트,037760
2268,2268,오스템,031510
2269,2269,케이씨피드,025880
2270,2270,아리온,058220
2271,2271,카이노스메드,284620
2272,2272,우리조명,037400
2273,2273,웰크론한텍,076080
2274,2274,동아엘텍,088130
2275,2275,네패스아크,330860
2276,2276,씨큐브,101240
2277,2277,카카오게임즈,293490
2278,2278,옵트론텍,082210
2279,2279,앱코,129890
2280,2280,대신밸런스제11호스팩,397500
2281,2281,대성파인텍,104040
2282,2282,예스24,053280
2283,2283,우리손에프앤지,073560
2284,2284,오성첨단소재,052420
2285,2285,참좋은여행,094850
2286,2286,인산가,277410
2287,2287,에이치엘비파워,043220
2288,2288,한국파마,032300
2289,2289,FSN,214270
2290,2290,신진에스엠,138070
2291,2291,초록뱀컴퍼니,052300
2292,2292,메가스터디,072870
2293,2293,유니셈,036200
2294,2294,해성산업,034810
2295,2295,상신이디피,091580
2296,2296,인터로조,119610
2297,2297,대창스틸,140520
2298,2298,조광ILI,044060
2299,2299,한국정밀기계,101680
2300,2300,앤디포스,238090
2301,2301,고려시멘트,198440
2302,2302,이랜텍,054210
2303,2303,이화공영,001840
2304,2304,탑엔지니어링,065130
2305,2305,오르비텍,046120
2306,2306,필옵틱스,161580
2307,2307,아스플로,159010
2308,2308,모비릭스,348030
2309,2309,보성파워텍,006910
2310,2310,아이앤씨,052860
2311,2311,NEW,160550
2312,2312,클라우드에어,036170
2313,2313,골드앤에스,035290
2314,2314,우리산업홀딩스,072470
2315,2315,네오이뮨텍(Reg.S),950220
2316,2316,잉글우드랩,950140
2317,2317,램테크놀러지,171010
2318,2318,더네이쳐홀딩스,298540
2319,2319,서울전자통신,027040
2320,2320,고려제약,014570
2321,2321,케이비제19호스팩,330990
2322,2322,현우산업,092300
2323,2323,베뉴지,019010
2324,2324,디와이피엔에프,104460
2325,2325,인화정공,101930
2326,2326,YTN,040300
2327,2327,KCC건설,021320
2328,2328,대창솔루션,096350
2329,2329,대신밸런스제8호스팩,336570
2330,2330,제이엘케이,322510
2331,2331,핸디소프트,220180
2332,2332,삼지전자,037460
2333,2333,맘스터치,220630
2334,2334,에스디생명공학,217480
2335,2335,S&K폴리텍,091340
2336,2336,피엔에이치테크,239890
2337,2337,삼기,122350
2338,2338,성도이엔지,037350
2339,2339,바이오리더스,142760
2340,2340,넥스트아이,137940
2341,2341,우양,103840
2342,2342,이베스트이안스팩1호,323210
2343,2343,IBKS제13호스팩,351340
2344,2344,모트렉스,118990
2345,2345,액토즈소프트,052790
2346,2346,우원개발,046940
2347,2347,TS인베스트먼트,246690
2348,2348,슈프리마,236200
2349,2349,와이지엔터테인먼트,122870
2350,2350,판타지오,032800
2351,2351,에쎈테크,043340
2352,2352,나노스,151910
2353,2353,알서포트,131370
2354,2354,엑스큐어,070300
2355,2355,티피씨글로벌,130740
2356,2356,블리츠웨이,369370
2357,2357,이엔드디,101360
2358,2358,진매트릭스,109820
2359,2359,세중,039310
2360,2360,지니뮤직,043610
2361,2361,한일네트웍스,046110
2362,2362,화일약품,061250
2363,2363,디오,039840
2364,2364,미래에셋대우스팩 5호,353490
2365,2365,서산,079650
2366,2366,파인테크닉스,106240
2367,2367,대륙제관,004780
2368,2368,TPC,048770
2369,2369,티비씨,033830
2370,2370,파마리서치,214450
2371,2371,동성화인텍,033500
2372,2372,나무기술,242040
2373,2373,엑셈,205100
2374,2374,인터플렉스,051370
2375,2375,시스웍,269620
2376,2376,한국기업평가,034950
2377,2377,삼일,032280
2378,2378,코드네이처,078940
2379,2379,디에이치피코리아,131030
2380,2380,코프라,126600
2381,2381,한국정보인증,053300
2382,2382,대한과학,131220
2383,2383,네패스,033640
2384,2384,하이즈항공,221840
2385,2385,코스메카코리아,241710
2386,2386,이즈미디어,181340
2387,2387,메디포스트,078160
2388,2388,싸이맥스,160980
2389,2389,HLB테라퓨틱스,115450
2390,2390,이브이첨단소재,131400
2391,2391,레고켐바이오,141080
2392,2392,유비벨록스,089850
2393,2393,로지시스,067730
2394,2394,씨씨에스,066790
2395,2395,덴티스,261200
2396,2396,진시스템,363250
2397,2397,원준,382840
2398,2398,손오공,066910
2399,2399,삼진,032750
2400,2400,푸드웰,005670
2401,2401,에스티오,098660
2402,2402,와이더플래닛,321820
2403,2403,에스에이티이엔지,351320
2404,2404,대봉엘에스,078140
2405,2405,린드먼아시아,277070
2406,2406,HRS,036640
2407,2407,엠벤처투자,019590
2408,2408,포인트엔지니어링,256630
2409,2409,씨티케이,260930
2410,2410,경동제약,011040
2411,2411,레드로버,060300
2412,2412,SGA,049470
2413,2413,케이아이엔엑스,093320
2414,2414,에스엘바이오닉스,214310
2415,2415,플랜티넷,075130
2416,2416,국영지앤엠,006050
2417,2417,중앙백신,072020
2418,2418,에이디엠코리아,187660
2419,2419,이엔에프테크놀로지,102710
2420,2420,피에스텍,002230
2421,2421,고영,098460
2422,2422,젬백스지오,041590
2423,2423,케이엔제이,272110
2424,2424,에프엔씨엔터,173940
2425,2425,한국컴퓨터,054040
2426,2426,토비스,051360
2427,2427,서울옥션,063170
2428,2428,오파스넷,173130
2429,2429,IBKS제16호스팩,388790
2430,2430,부방,014470
2431,2431,파인디앤씨,049120
2432,2432,큐로컴,040350
2433,2433,고려신용정보,049720
2434,2434,소프트센우,032685
2435,2435,알톤스포츠,123750
2436,2436,에스에너지,095910
2437,2437,신화콘텍,187270
2438,2438,랩지노믹스,084650
2439,2439,레이언스,228850
2440,2440,마이크로프랜드,147760
2441,2441,오션브릿지,241790
2442,2442,이녹스첨단소재,272290
2443,2443,서진시스템,178320
2444,2444,알에프세미,096610
2445,2445,서울리거,043710
2446,2446,율호,072770
2447,2447,이엘피,063760
2448,2448,경남제약,053950
2449,2449,풍국주정,023900
2450,2450,코퍼스코리아,322780
2451,2451,비즈니스온,138580
2452,2452,비트컴퓨터,032850
2453,2453,디알젬,263690
2454,2454,에이치앤비디자인,227100
2455,2455,코리아나,027050
2456,2456,YW,051390
2457,2457,포메탈,119500
2458,2458,머큐리,100590
2459,2459,딜리,131180
2460,2460,로보티즈,108490
2461,2461,UCI,038340
2462,2462,코스맥스엔비티,222040
2463,2463,나무가,190510
2464,2464,다우데이타,032190
2465,2465,현대에버다임,041440
2466,2466,JTC,950170
2467,2467,대동스틸,048470
2468,2468,루트로닉,085370
2469,2469,한빛소프트,047080
2470,2470,비츠로테크,042370
2471,2471,유아이엘,049520
2472,2472,다나와,119860
2473,2473,모베이스,101330
2474,2474,형지I&C,011080
2475,2475,엑사이엔씨,054940
2476,2476,이베스트스팩5호,349720
2477,2477,메타바이오메드,059210
