#,id,update_time
1,1,2022-01-09 19:42:55.205725
2,2,2022-01-09 20:01:04.316696
3,3,2022-01-09 20:07:24.600300
4,4,2022-01-11 00:39:25.162422
5,5,2022-01-11 00:43:27.149066
6,6,2022-01-11 01:01:16.888491
7,7,2022-01-11 01:56:42.669176
8,8,2022-01-11 03:01:31.839767
9,9,2022-01-11 19:01:34.157612
10,10,2022-01-11 20:46:58.972646
11,11,2022-01-12 03:16:16.816993
12,12,2022-01-12 03:16:16.857501
13,13,2022-01-12 19:51:19.694285
14,14,2022-01-12 20:01:37.399439
15,15,2022-01-13 03:41:32.419610
16,16,2022-01-13 13:47:23.766287
17,17,2022-01-13 13:48:28.872495
18,18,2022-01-14 03:29:34.733267
19,19,2022-01-14 03:32:20.499911
20,20,2022-01-14 09:01:48.659376
21,21,2022-01-14 09:03:29.296343
22,22,2022-01-14 13:01:00.007306
23,23,2022-01-14 13:01:00.005303
24,24,2022-01-14 13:05:00.007479
25,25,2022-01-14 13:05:00.007665
26,26,2022-01-14 13:07:00.005574
27,27,2022-01-14 13:07:00.011647
28,28,2022-01-14 13:26:00.013457
29,29,2022-01-14 13:26:00.015309
