#,id,total_sum,section_name_id,stock_tick_id
1,1,115461564920,41,003480
2,2,46978600955,35,217620
3,3,9382720000,24,372290
4,4,433702444000,55,037560
5,5,66721448880,17,196700
6,6,451397310700,32,347860
7,7,33809713000,20,073190
8,8,158573882150,8,085670
9,9,38205929700,53,177350
10,10,108167578320,26,065650
11,11,565518153200,42,225570
12,12,224754585500,42,058630
13,13,43172597810,5,093380
14,14,4193280000,49,000547
15,15,7030424280,26,114570
16,16,342575516295,4,091810
17,17,63894168000,29,177830
18,18,534151747800,39,267980
19,19,284382336600,17,012610
20,20,114164696850,26,014190
21,21,382302217535,38,023410
22,22,87001700000,32,060850
23,23,139374332800,5,073640
24,24,81541866525,29,111870
25,25,51096839170,53,045300
26,26,52278904600,10,310870
27,27,108000000000,29,053160
28,28,36277287525,55,204210
29,29,228195020200,47,036890
30,30,516679147680,18,058820
31,31,144466728300,10,108380
32,32,140773453800,14,104540
33,33,84333584800,17,352940
34,34,355542936000,53,064290
35,35,78200000000,38,075970
36,36,27773742375,8,114120
37,37,120056780000,44,025820
38,38,51454882930,19,175140
39,39,246344804000,8,179900
40,40,90000000000,23,001560
41,41,156157760000,14,065450
42,42,2471291730600,2,001040
43,43,83809556545,54,005360
44,44,233769857200,8,290550
45,45,224631570450,40,023800
46,46,401253411200,20,285490
47,47,98435643800,16,263800
48,48,1823460330000,55,181710
49,49,38685278450,12,003680
50,50,89662552584,29,025440
51,51,564588674550,53,036810
52,52,180297455680,55,334890
53,53,67234875000,32,322180
54,54,76723038000,39,260970
55,55,389652499600,7,185490
56,56,254581179400,53,078350
57,57,910436453100,17,048410
58,58,79416063150,26,069920
59,59,279575000000,5,023160
60,60,58068011715,18,246720
61,61,264817868280,8,332570
62,62,2625058020000,53,108320
63,63,75379851400,29,361670
64,64,62459795800,32,065440
65,65,35511666400,17,110020
66,66,147949361700,47,382800
67,67,7863600000,22,006345
68,68,23673757500,19,091440
69,69,170024829180,2,013570
70,70,305937950000,47,290670
71,71,122149183240,22,006340
72,72,325747382880,40,075580
73,73,178628506980,44,007280
74,74,123297637500,48,065370
75,75,355887317400,15,122450
76,76,91741954435,5,023440
77,77,29287053360,26,058530
78,78,7854000000,24,329560
79,79,43500682854,6,065420
80,80,112247540610,23,000910
81,81,81941949136,24,021880
82,82,266668825590,8,080420
83,83,457345000000,22,033240
84,84,85924882500,17,086710
85,85,53454770000,22,33626L
86,86,828750000000,22,195870
87,87,206074748700,29,262260
88,88,568258608000,8,060720
89,89,93996817740,14,214680
90,90,53121860030,54,069640
91,91,168545303150,29,270660
92,92,12977331922500,2,003550
93,93,32000213700,26,066430
94,94,11400074000,22,000995
95,95,154966792400,16,052330
96,96,268062269500,32,054920
97,97,61987500000,47,050860
98,98,363780037600,55,317400
99,99,82227537700,40,012280
100,100,42657872040,26,039740
101,101,1108533478950,49,082640
102,102,75293632850,40,123700
103,103,92545000000,44,001080
104,104,77700818640,8,095270
105,105,138573435400,37,210540
106,106,1691639950000,50,069620
107,107,59906151760000,22,005935
108,108,90676466900,44,021050
109,109,112200620090,18,041910
110,110,8964800000,24,353070
111,111,175782592000,17,282690
112,112,5712090510600,55,021240
113,113,244695974890,17,005720
114,114,212580720000,14,253840
115,115,70467000000,17,097870
116,116,126557010360,26,093520
117,117,122622500000,18,009300
118,118,325000000000,55,068290
119,119,159318016000,14,302550
120,120,195292364000,29,333620
121,121,38880000000,40,033250
122,122,164619542400,8,176440
123,123,99192374400,43,016090
124,124,676200000000,34,00680K
125,125,67797501120,48,039670
126,126,77880000000,4,014130
127,127,69872027085,43,090370
128,128,71064255730,54,003010
129,129,310021150200,7,365270
130,130,21231039000,12,001795
131,131,37500376080,37,012600
132,132,226877107500,4,004360
133,133,489551575500,18,950160
134,134,194058463750,10,215360
135,135,2871036673500,34,039490
136,136,237282100000,37,000490
137,137,287628089000,2,007860
138,138,102226700000,29,069510
139,139,66282495750,22,001210
140,140,119125635200,32,234300
141,141,271185724750,18,174900
142,142,83831376680,7,038870
143,143,1261000000000,17,006650
144,144,183031822080,7,063570
145,145,520600000000,17,138490
146,146,42451041270,10,099410
147,147,46015081500,17,187790
148,148,97818554240,2,006200
149,149,14677311264000,22,009150
150,150,132198718450,27,001260
151,151,160527920000,26,140070
152,152,11517975000,24,377400
153,153,662704179450,42,067000
154,154,222855987200,29,318020
155,155,88995360300,20,073570
156,156,65707075360,17,016100
157,157,776959000000,22,025540
158,158,6631440969200,40,009540
159,159,65307595000,5,114190
160,160,1657629163400,2,139130
161,161,73037912200,12,027740
162,162,92980132200,12,014710
163,163,134153292350,22,004770
164,164,8481150000,24,343510
165,165,11154703680000,23,003670
166,166,82678855000,47,317830
167,167,478960341500,18,314130
168,168,195000000000,4,009070
169,169,140944286400,18,200780
170,170,347119996000,21,006490
171,171,205284261500,8,347770
172,172,81328993200,28,317530
173,173,96787790000,18,002800
174,174,76384591250,20,318410
175,175,224230973700,54,011760
176,176,142014006360,47,126880
177,177,492613212000,50,271980
178,178,3428896487500,17,014680
179,179,2961515096480,4,028670
180,180,211128719200,33,306040
181,181,722481294150,53,131970
182,182,166622420000,24,289080
183,183,7450000000,12,011155
184,184,86109350400,8,054090
185,185,935655846400,18,086900
186,186,115633710080,31,039020
187,187,53421504192,24,900070
188,188,60247574240,14,238120
189,189,4693124132400,18,068760
190,190,562235596300,34,001720
191,191,192976707000,26,257720
192,192,206029698600,12,248170
193,193,148429351500,32,304100
194,194,2958497500000,7,196170
195,195,117928876000,19,170790
196,196,60682041540,54,006880
197,197,410962783000,54,339770
198,198,24427827282,53,127160
199,199,102926216085,4,001140
200,200,2817270800,23,001529
201,201,82917828800,18,196300
202,202,86317329220,29,321260
203,203,70614574485,8,131760
204,204,167981852929,26,072520
205,205,82241320200,29,294630
206,206,75471157440,19,115440
207,207,409001916000,29,131390
208,208,77014242000,3,052600
209,209,276623520750,7,203400
210,210,197904000000,50,003120
211,211,1360955440450,55,089860
212,212,9232438800,27,005965
213,213,1017061361200,22,097520
214,214,164148047480,47,068790
215,215,51334443600,8,059100
216,216,65368766092,8,050090
217,217,253220814900,52,372910
218,218,115132370000,47,217820
219,219,349450991700,2,084690
220,220,383740674400,17,214260
221,221,86509919560,29,042110
222,222,70415573235,26,299170
223,223,338226725400,18,263050
224,224,788031720000,37,267270
225,225,1003725757500,18,298380
226,226,62833337250,26,051780
227,227,262158293100,47,049950
228,228,233120000000,40,000430
229,229,95908800000,14,049430
230,230,54573493590,10,212560
231,231,10156368090000,4,003490
232,232,1056210000000,54,001120
233,233,233446665050,55,070960
234,234,96472350000,4,000650
235,235,93303388080,26,019660
236,236,133787591620,28,068050
237,237,203469237000,2,244920
238,238,3152299748000,22,000990
239,239,145982380000,23,004090
240,240,346472000000,55,377190
241,241,480567495275000,22,005930
242,242,1063774660000,42,194480
243,243,6825200000,24,373340
244,244,277620000000,36,025950
245,245,58749600000,38,006920
246,246,3939202294000,2,029780
247,247,406811365200,17,005950
248,248,68266200380,26,215480
249,249,113250000000,26,024060
250,250,216552931310,44,018470
251,251,116965907540,55,035000
252,252,127820963280,29,312610
253,253,117621689400,27,013700
254,254,117804950000,48,050960
255,255,356666080400,17,272550
256,256,59856000000,47,079950
257,257,75152684115,7,204840
258,258,277506201000,7,261780
259,259,39653978220,54,010420
260,260,64644372871,20,054630
261,261,7799412240,28,058420
262,262,3057428625900,54,008770
263,263,166331410675,44,012800
264,264,47280672000,55,002420
265,265,46045494298500,40,005380
266,266,699151848600,26,033290
267,267,187378240000,14,348350
268,268,80640000000,11,115500
269,269,2467685387000,40,042660
270,270,187569605060,4,004140
271,271,96120209080,33,047770
272,272,326062816000,55,031440
273,273,35478834940,39,002680
274,274,113160504560,33,130500
275,275,63251960660,18,018680
276,276,109466724050,17,002360
277,277,25231112372,24,900110
278,278,184762086600,51,079940
279,279,18773400000,24,377630
280,280,75711403200,11,094840
281,281,275380160650,13,194370
282,282,138104628160,48,063440
283,283,47517374515,19,079190
284,284,3830811310200,4,180640
285,285,55231403500,26,001000
286,286,407506421700,34,001500
287,287,148456000000,7,130580
288,288,124166211840,7,040420
289,289,111437464320,10,053700
290,290,41650000000,17,123330
291,291,491437305650,18,084110
292,292,97516175300,11,042500
293,293,170524806660,42,066980
294,294,103140708500,5,081150
295,295,773592235200,22,009450
296,296,378330726000,54,000050
297,297,10846650000,24,388800
298,298,158328166880,17,171120
299,299,458014877900,7,321550
300,300,118070672800,47,080000
301,301,68722555235,32,085810
302,302,388186060500,44,084010
303,303,157186374000,18,054670
304,304,209889504000,39,018120
305,305,183733040000,47,259630
306,306,375282400000,17,00088K
307,307,41689084245,8,067770
308,308,535952064600,18,041960
309,309,133493540700,18,153710
310,310,127500000000,27,010960
311,311,149399830740,17,049550
312,312,471617188350,51,143240
313,313,73316822650,32,279600
314,314,6927525000,44,008355
315,315,451992377900,32,052400
316,316,22337926611000,22,066570
317,317,239493902040,26,060280
318,318,77472500000,47,019770
319,319,303397991640,48,208640
320,320,511306274270,32,290510
321,321,1008531898600,14,140860
322,322,269172079240,8,047310
323,323,255159468900,17,092070
324,324,202939121700,53,066310
325,325,480325521250,53,059090
326,326,151588726800,47,036090
327,327,230063620800,5,013030
328,328,873616345750,35,025980
329,329,370586971900,14,228670
330,330,88500000000,17,014440
331,331,733219697700,7,268600
332,332,127962229220,11,053980
333,333,802666417600,28,206560
334,334,84740239790,7,273060
335,335,217796701990,12,036580
336,336,104134800000,17,036670
337,337,2732706914400,37,112610
338,338,2695979340000,17,285130
339,339,319716484350,7,348150
340,340,124992558000,26,007720
341,341,50407649310,53,072950
342,342,113786959650,14,149980
343,343,132883412400,8,050110
344,344,67686906080,10,290120
345,345,169248324000,32,377480
346,346,422564118600,29,077360
347,347,54450000000,37,010660
348,348,157125000000,36,066620
349,349,111066168000,11,351330
350,350,120105444480,53,303030
351,351,977773619000,17,298000
352,352,131866791680,47,090710
353,353,964782000000,18,086450
354,354,216086569580,48,203650
355,355,61010799300,17,035200
356,356,74790000000,24,900310
357,357,73160000000,17,014100
358,358,52785000000,24,391060
359,359,113870786690,43,093240
360,360,58204713490,53,038060
361,361,856932089600,24,003380
362,362,466700000000,34,003545
363,363,118149878000,8,140670
364,364,267432786600,7,278650
365,365,24115924800,12,001685
366,366,187722165150,19,061040
367,367,81294763600,32,079970
368,368,127293757250,39,004650
369,369,1279052252200,50,011000
370,370,128899750000,8,376290
371,371,28937517125,29,017250
372,372,1145976972000,7,067630
373,373,57489618480,53,224060
374,374,173500000000,34,003547
375,375,169466103400,18,086820
376,376,50337638460,48,208350
377,377,99579689280,32,069410
378,378,133335321595,46,025750
379,379,1734052484200,28,035900
380,380,255144241000,32,301300
381,381,68063500000,5,060380
382,382,206146730195,8,193250
383,383,655351454670,17,002350
384,384,81302621400,40,010100
385,385,94858442910,13,011330
386,386,64408463925,17,114630
387,387,1233192735000,19,121800
388,388,138666840000,54,123690
389,389,133049664000,10,005710
390,390,2653253954000,28,253450
391,391,637360000000,17,008730
392,392,227966958500,19,264450
393,393,128777170900,54,006370
394,394,50717032500,53,024850
395,395,553878151200,22,298040
396,396,23395069380,10,053060
397,397,274865480310,2,015860
398,398,176001151000,28,046140
399,399,297276385200,29,078070
400,400,334000029200,18,216080
401,401,232558374900,49,000540
402,402,99238055005,11,124500
403,403,128875910620,32,087260
404,404,103020544830,17,027580
405,405,675553478600,22,007810
406,406,1244692212500,7,215600
407,407,1251542905830,53,036540
408,408,2514870319500,54,023530
409,409,403874797200,14,099190
410,410,413049600000,4,298690
411,411,80696000000,17,221980
412,412,91077381960,48,289010
413,413,120920724900,26,016920
414,414,1199855007000,7,235980
415,415,565069807040,34,030610
416,416,99417257970,8,049630
417,417,970428530320,55,395400
418,418,248250000000,17,052260
419,419,969918546600,18,000250
420,420,277145700000,44,001940
421,421,438234470400,18,102940
422,422,102306690900,5,090410
423,423,126240565440,5,025550
424,424,394890947100,29,045390
425,425,3980254085800,34,005940
426,426,25265900000,40,010145
427,427,171645513000,18,067080
428,428,258310696000,28,241840
429,429,182096976000,7,038390
430,430,44064000000,17,079000
431,431,177912409500,10,066590
432,432,51239035875,14,115480
433,433,387390088890,50,009290
434,434,540000000000,7,151860
435,435,80080000000,17,003080
436,436,14080828273500,55,352820
437,437,65674564000,19,046310
438,438,116471805000,12,264900
439,439,1002034496000,18,007390
440,440,128974109320,10,012860
441,441,390051804050,47,030530
442,442,501600000000,17,004430
443,443,193381578330,5,005160
444,444,233649577350,19,361390
445,445,69000000000,34,001275
446,446,238897492320,22,004710
447,447,5576653062000,52,137310
448,448,756118620000,48,950180
449,449,1000081168000,53,084850
450,450,44403952958,17,082660
451,451,308484402800,53,123860
452,452,10265479204500,17,090430
453,453,306999096600,52,029460
454,454,247844400000,23,007210
455,455,81440325990,38,255220
456,456,140375495700,37,100840
457,457,90607220730,53,052900
458,458,148762223680,7,035610
459,459,242678540000,7,092130
460,460,191901902700,40,200880
461,461,449318162040,2,094800
462,462,443270480400,27,002990
463,463,145857096150,50,002630
464,464,36151803200,19,035460
465,465,56399843500,42,056000
466,466,5183683500,44,016385
467,467,6876461967150,17,009830
468,468,7942299600,44,004565
469,469,272055454512,24,023760
470,470,65898666900,55,030790
471,471,229040000000,22,322000
472,472,232872216000,29,311320
473,473,5811403539200,42,112040
474,474,275752270530,7,068930
475,475,675630450200,42,041140
476,476,345760994360,47,018000
477,477,771428196000,29,189300
478,478,104106604160,40,013520
479,479,9966929600,54,001745
480,480,78248270100,8,033200
481,481,128289414800,10,011320
482,482,781200000000,54,057050
483,483,406758292200,17,005420
484,484,301548128000,8,082920
485,485,175433872440,47,095190
486,486,766620934500,2,383800
487,487,62874000000,47,100660
488,488,775766486700,7,293780
489,489,1087434900000,18,039200
490,490,42222358150,8,043200
491,491,402033172300,7,216050
492,492,121929556875,14,057540
493,493,244903100000,32,099750
494,494,893899036250,6,003580
495,495,43057389877,24,900260
496,496,201327991800,26,159580
497,497,315017000000,53,039440
498,498,102874103415,7,133750
499,499,277559242200,17,092230
500,500,326619674550,47,108230
501,501,114904362100,22,005870
502,502,268207342440,37,002900
503,503,200759228800,7,354200
504,504,79319836700,37,058730
505,505,436986249000,15,048550
506,506,712241653900,22,192650
507,507,344488000000,3,036630
508,508,91165572410,5,258610
509,509,37082727000,8,191410
510,510,1709704872000,28,041510
511,511,353734141600,13,004700
512,512,5698788179760,34,006800
513,513,798386304000,34,003470
514,514,13345759655900,2,086790
515,515,6348420000,50,000227
516,516,973860348000,7,215200
517,517,82302800400,2,012320
518,518,552478005000,14,294090
519,519,58118449440,29,263810
520,520,94499736400,47,086670
521,521,4223186578500,54,139480
522,522,1958220000000,17,004000
523,523,71804016660,17,340440
524,524,2995985000000,54,026960
525,525,60082881180,7,127120
526,526,419687586460,55,293940
527,527,947384346580,50,003520
528,528,176990191720,18,234690
529,529,324149280000,27,013360
530,530,195486961500,8,125210
531,531,117760148003,26,109960
532,532,545030117400,55,286940
533,533,518175276600,12,005180
534,534,208295796800,32,352910
535,535,516188899200,53,095340
536,536,300300000000,29,037070
537,537,21865788477000,54,028260
538,538,449923602800,4,002320
539,539,56658063030,47,079810
540,540,418165303500,27,009410
541,541,2236172902400,55,012510
542,542,241428000000,47,079370
543,543,422820292400,7,299660
544,544,111844590000,19,015710
545,545,415056805540,40,003620
546,546,90160850930,36,042940
547,547,42857140500,43,005820
548,548,588902762400,53,061970
549,549,160724736000,39,043650
550,550,180016114800,18,191420
551,551,364546747500,41,004690
552,552,131495000000,5,109860
553,553,119136206740,10,013310
554,554,82198470750,53,170920
555,555,15689181140,34,001515
556,556,4983389350,23,001527
557,557,2853738267800,55,012750
558,558,266755028500,55,002620
559,559,90224750000,47,256150
560,560,346056731900,26,051500
561,561,18283500000000,50,302440
562,562,124143712000,47,290520
563,563,316779553300,14,041830
564,564,13540000000000,49,032830
565,565,146002500000,47,036560
566,566,104855461200,46,009200
567,567,339619537970,3,025770
568,568,116277034145,32,094860
569,569,1529472736400,17,014820
570,570,13802227655500,41,015760
571,571,509040972000,17,008490
572,572,160154668800,26,038620
573,573,153725141620,19,064240
574,574,279927007415,27,001470
575,575,981086112000,17,069260
576,576,986545000000,17,002840
577,577,191830864500,14,314930
578,578,147890304400,10,274090
579,579,128153261500,51,239340
580,580,100210979160,40,010580
581,581,177660000000,18,049960
582,582,155978266600,13,011090
583,583,503450930985,31,078130
584,584,86188525335,10,333430
585,585,136093787600,14,053450
586,586,161434986720,29,105550
587,587,113009237640,53,238490
588,588,944992734000,17,161890
589,589,110210000000,29,065710
590,590,38394769820,32,275630
591,591,398995061600,2,002020
592,592,85971600000,53,153490
593,593,1407927849300,53,213420
594,594,388534954280,22,011690
595,595,75239512920,53,217190
596,596,152790543000,50,017180
597,597,209135361400,18,066700
598,598,723615684000,2,000640
599,599,45159709500,48,197140
600,600,7101198800,16,121890
601,601,411570948900,17,089010
602,602,325493112000,7,217330
603,603,716509635000,32,294570
604,604,124312407250,46,008250
605,605,139262500000,44,019440
606,606,155061688320,17,138360
607,607,11881980000,17,005725
608,608,160712507150,50,004720
609,609,14434336380,7,050540
610,610,162299990160,26,013990
611,611,149335554240,54,005320
612,612,194568000000,17,035150
613,613,265716000000,17,025000
614,614,1293413352000,17,051905
615,615,102528000000,40,075180
616,616,299671794700,27,002780
617,617,147475275340,53,094170
618,618,86434368750,20,317870
619,619,74725241395,19,215790
620,620,120044617875,54,067830
621,621,30474933120,53,182690
622,622,118407107100,23,004440
623,623,77529604320,47,222160
624,624,19136100000,24,363260
625,625,121618161200,41,034590
626,626,465017417100,8,243840
627,627,6321274340,5,021045
628,628,316589119600,47,322310
629,629,325736083150,50,001360
630,630,232357812890,2,096760
631,631,169723776600,7,352770
632,632,98182730170,17,007590
633,633,5268000000,22,014915
634,634,72324332500,12,002140
635,635,295878900000,32,234340
636,636,1540094700150,40,005850
637,637,161692480000,22,33637K
638,638,508256160210,2,027410
639,639,117253986200,11,033230
640,640,63005145000,33,267790
641,641,213487928550,18,087010
642,642,39584775000,48,134060
643,643,100897968600,53,059120
644,644,62994848640000,55,035420
645,645,345222452250,53,083450
646,646,209609386910,40,092200
647,647,2299264765600,54,009240
648,648,193773296400,17,28513K
649,649,120110254650,26,065170
650,650,8823153500,17,014825
651,651,737184078000,52,145720
652,652,339227000000,54,017940
653,653,9517239300,17,090355
654,654,4836833730,23,001525
655,655,40176497920,5,192390
656,656,13288100000,24,328380
657,657,5833497075000,12,097950
658,658,290160000000,12,003920
659,659,333141624000,5,009520
660,660,89813603900,24,900250
661,661,211571642880,42,060240
662,662,368920230000,17,055490
663,663,885928843800,48,217270
664,664,165187500000,3,065530
665,665,5054102815200,17,161390
666,666,59728417980,5,007530
667,667,112633432000,53,264660
668,668,1350006882200,23,010780
669,669,933606604800,55,079160
670,670,82035497500,5,024880
671,671,585227236500,18,205470
672,672,872062421300,7,084990
673,673,106936748500,37,010820
674,674,1002874000000,50,003850
675,675,1106719600000,17,003240
676,676,97551057352,26,016670
677,677,505750255250,17,018250
678,678,39960000000,43,008500
679,679,712156791500,8,091700
680,680,451439359040,55,053210
681,681,170556194160,25,124560
682,682,124687683300,18,203690
683,683,138999792800,17,003650
684,684,179832970800,18,175250
685,685,120500000000,31,037230
686,686,598746660600,27,001880
687,687,8206200000,24,331520
688,688,477316072710,34,001510
689,689,48000000000,26,025870
690,690,43108065000,10,019540
691,691,422520403700,34,001725
692,692,70254855000,26,308100
693,693,199482251150,19,115160
694,694,789434206800,18,290650
695,695,28604586067400,30,323410
696,696,79183917180,19,060540
697,697,726838311000,17,121600
698,698,791458140000,50,005690
699,699,603177041600,54,071840
700,700,258240000000,24,021080
701,701,60025789600,18,246960
702,702,1550790689250,54,381970
703,703,102481425930,4,129260
704,704,63093401200,5,023790
705,705,116135432800,16,148250
706,706,247401000000,31,023600
707,707,40936750305,42,052770
708,708,385855880250,53,265520
709,709,149851107725,19,029480
710,710,2633778163800,22,336370
711,711,177425115975,37,074610
712,712,245789932100,18,200670
713,713,98260000000,17,003720
714,714,1830226636200,31,025900
715,715,1206969513600,14,214150
716,716,24873749100,22,007815
717,717,131705889390,5,128660
718,718,106272138720,55,012170
719,719,59319850890,8,257370
720,720,70286562500,31,001810
721,721,130546005600,7,347740
722,722,2400483512000,27,375500
723,723,81661093275,53,093640
724,724,88572096800,8,290740
725,725,65151894702,24,019570
726,726,486851000000,20,003800
727,727,274088837680,18,086890
728,728,204441228400,47,056080
729,729,91949765700,39,016790
730,730,10320600000,24,333050
731,731,68303265530,46,001020
732,732,110789071995,42,033130
733,733,232140557050,53,040910
734,734,373658500000,47,299030
735,735,242250000000,12,033920
736,736,141668298555,39,276730
737,737,784393670400,8,090460
738,738,46200000000,5,024940
739,739,157331947320,17,042040
740,740,416300000000,13,016800
741,741,27821777500,47,064510
742,742,93322471000,55,000157
743,743,203300687370,27,014790
744,744,304346250000,8,149950
745,745,99593806250,48,065560
746,746,483529210450,8,092190
747,747,559671723600,27,003070
748,748,853378306200,4,089590
749,749,58276568700,22,009140
750,750,2714972910000,55,030000
751,751,625247494300,19,088800
752,752,10395000000,34,001755
753,753,71457671425,33,032080
754,754,3768338826000,17,002790
755,755,79827652800,18,080720
756,756,258295200000,55,002150
757,757,250524108550,7,090850
758,758,8551411712000,21,030200
759,759,87160940910,36,226360
760,760,77400731375,44,008420
761,761,9305100000,24,332710
762,762,75225427380,17,263020
763,763,104702456950,53,089790
764,764,102926728400,47,019990
765,765,2095882572700,53,240810
766,766,313388022600,17,220260
767,767,8254400000,24,373200
768,768,262301707800,2,006840
769,769,108445000000,42,052220
770,770,39885447615,53,101400
771,771,59223050650,18,018620
772,772,110530653800,7,072990
773,773,67204016270,40,010770
774,774,163273233300,17,051980
775,775,128951625760,7,225330
776,776,860991752000,18,182400
777,777,8543825627000,22,011070
778,778,77880000000,37,000850
779,779,103563666700,47,083500
780,780,216300000000,10,043370
781,781,70868747200,17,114840
782,782,107250000000,17,003780
783,783,207920568800,32,338220
784,784,71927517900,8,198080
785,785,456778160000,8,091120
786,786,235830168500,40,005389
787,787,3926343750000,49,000060
788,788,118400000000,29,066130
789,789,2825290912100,54,047050
790,790,102035320630,17,022220
791,791,121472000000,37,092440
792,792,302895409500,13,079430
793,793,26398998420,5,009730
794,794,2242874121150,40,064350
795,795,174885770760,53,033170
796,796,147600541550,36,017000
797,797,91351373295,27,023960
798,798,121423334010,46,009460
799,799,10232964792000,49,000810
800,800,126145195420,28,078860
801,801,4429600000000,55,028050
802,802,527525334760,2,123890
803,803,117288291430,7,057030
804,804,417830400000,54,138250
805,805,13011050000,24,368770
806,806,451558899000,18,183490
807,807,208680000000,17,294140
808,808,610327777200,39,092040
809,809,126248105000,2,03473K
810,810,171507099740,32,071200
811,811,181363978190,22,017900
812,812,65582355810,26,050120
813,813,87531000000,31,006580
814,814,441085372000,53,089030
815,815,191100000000,5,018310
816,816,167992595340,7,950200
817,817,74356850385,19,083640
818,818,49035454720,53,032580
819,819,165474829950,2,000320
820,820,71810614370,10,085910
821,821,29731104000,17,108675
822,822,209556208200,19,084730
823,823,51637898910,26,039980
824,824,44355798760,22,019490
825,825,102710671800,10,054180
826,826,65848327640,53,117670
827,827,117204854130,54,011810
828,828,170674520000,28,111710
829,829,95834221900,32,347700
830,830,113424864965,47,227950
831,831,32999076000,12,003925
832,832,21741900000,8,058450
833,833,323172132450,27,039570
834,834,2431759707000,54,004170
835,835,84000000000,38,228340
836,836,546926906400,32,035600
837,837,187260696700,17,352480
838,838,54150000000,18,036480
839,839,10095450000000,44,010130
840,840,101250000000,31,017650
841,841,91012500000,19,134580
842,842,82924428440,55,011420
843,843,110046612545,47,033540
844,844,242123639100,8,052710
845,845,33955030500,33,323230
846,846,135163875640,37,071970
847,847,153356240520,44,009190
848,848,431549556360,29,204270
849,849,518537850330,38,038500
850,850,1044461990000,2,363280
851,851,51918340000,29,317770
852,852,1304464139450,2,007700
853,853,171016796175,36,011370
854,854,15945150000,24,380320
855,855,899538648750,2,006120
856,856,2138478214400,54,081660
857,857,257594122500,19,078890
858,858,7831933241500,17,011170
859,859,103307271665,9,053050
860,860,484075058700,44,139990
861,861,297824381400,10,088390
862,862,12017500000,24,367460
863,863,101372700000,29,313760
864,864,260107730250,36,094820
865,865,2262630905600,40,011210
866,866,168034696950,26,036620
867,867,599550326700,51,042000
868,868,233025000000,47,090360
869,869,88797750000,44,133820
870,870,78776685900,26,032940
871,871,6928350000,2,000325
872,872,93461940660,33,083550
873,873,816494844000,55,114090
874,874,80101440000,39,195500
875,875,153059248230,46,004540
876,876,515872369700,32,094480
877,877,373735630600,50,001630
878,878,27727372728000,50,068270
879,879,95186216400,47,226440
880,880,184533467040,8,095500
881,881,80100000000,22,019180
882,882,1571280189500,8,078600
883,883,86955000330,17,214420
884,884,2366952500000,40,012450
885,885,26554500000,5,101670
886,886,1785501559700,37,042700
887,887,109978340500,11,049480
888,888,47265323140,47,320000
889,889,301006866000,8,065680
890,890,76757523480,16,094940
891,891,71420317080,32,250060
892,892,840000000000,41,017390
893,893,268416700000,17,115960
894,894,344415681600,14,126700
895,895,1468490360000,53,039030
896,896,214810983100,50,002210
897,897,530367432450,35,006730
898,898,99681146400,42,127710
899,899,148161000000,8,079960
900,900,3585902845540,34,008560
901,901,85826032140,22,020760
902,902,292107912800,14,150840
903,903,98822071800,18,222110
904,904,924713365400,18,200130
905,905,6178050758150,21,032640
906,906,109180000000,55,350520
907,907,539904504000,7,226950
908,908,256198603500,14,258830
909,909,575458027020,37,042670
910,910,7473200000000,37,018880
911,911,4055078764700,37,241560
912,912,76895274930,19,036690
913,913,10079400000,24,341160
914,914,160488482160,47,306620
915,915,159840000000,46,006740
916,916,32029800000,5,054410
917,917,311378170410,14,048870
918,918,691223608600,55,210980
919,919,3647748000,43,009275
920,920,71282218200,44,002220
921,921,85672424032,11,139050
922,922,285450000000,53,053610
923,923,105600000000,23,011390
924,924,206614996800,32,086960
925,925,1223114560000,44,000670
926,926,327514018200,17,251370
927,927,80090805480,17,286750
928,928,40260402610,8,090740
929,929,446264200000,55,357120
930,930,113442000000,36,060370
931,931,93890391300,2,009440
932,932,50518467725,47,054300
933,933,80311975600,47,013810
934,934,106232866740,14,065510
935,935,2331647302900,53,005290
936,936,4424815000000,34,016360
937,937,52635239900,29,234920
938,938,972161420250,13,241590
939,939,112616330520,48,230980
940,940,143415890440,8,155650
941,941,382104416560,26,121440
942,942,98985943890,26,044960
943,943,250697902110,29,018290
944,944,75277601849,53,159910
945,945,916713332100,50,003000
946,946,171597130400,47,382480
947,947,142702954000,53,219130
948,948,190762000000,17,089470
949,949,46096802070,5,069140
950,950,23078238750,2,38380K
951,951,77626547400,26,142210
952,952,248956757865,43,009270
953,953,1053150000000,54,031430
954,954,121747671060,28,046390
955,955,5155966050000,55,035250
956,956,194779683040,54,001250
957,957,143509391200,40,016740
958,958,223606484400,18,298060
959,959,63690600960,11,052460
960,960,121623472465,28,035620
961,961,152233277770,47,060310
962,962,974542612890,7,022100
963,963,334152961350,22,029530
964,964,3206676031600,18,096530
965,965,9418500000,24,366330
966,966,107838996800,39,318010
967,967,624513423300,53,086390
968,968,68158194600,7,032860
969,969,21352500000,17,002355
970,970,86229499400,55,015540
971,971,50744615420,29,331380
972,972,79883879900,8,073110
973,973,354750000000,40,009680
974,974,331709425800,8,042600
975,975,175469379000,15,058400
976,976,124099500000,24,307930
977,977,9609600000,24,386580
978,978,1701032648400,32,376300
979,979,24761061140000,44,005490
980,980,195500000000,27,028100
981,981,76705000000,10,024120
982,982,134082715000,29,347000
983,983,63059312800,17,252500
984,984,127444000000,7,064850
985,985,167728038500,14,058110
986,986,9308566171800,2,402340
987,987,61905225990,46,002820
988,988,48579055230,47,254120
989,989,338092832000,7,089600
990,990,103312000000,36,091590
991,991,1339080987600,2,000210
992,992,10598400000,24,400840
993,993,218400000000,45,004970
994,994,107640000000,47,083650
995,995,74951928500,26,036180
996,996,21755156500,12,000087
997,997,108092824320,8,037950
998,998,13457070000,24,342550
999,999,3345684114000,50,128940
1000,1000,84380506720,8,043260
1001,1001,68345353340,17,021650
1002,1002,185474623000,10,265560
1003,1003,156598077600,39,353810
1004,1004,233295623000,53,094360
1005,1005,83046925000,34,006805
1006,1006,69421244250,17,318000
1007,1007,97686000000,55,357250
1008,1008,368350000000,50,005500
1009,1009,361043185000,29,044340
1010,1010,1441678003200,7,095700
1011,1011,866000000000,43,105630
1012,1012,15361500000,24,393360
1013,1013,233294771250,17,002100
1014,1014,272963128200,26,048910
1015,1015,470063510400,18,053030
1016,1016,10639200000,24,353060
1017,1017,493434748800,49,000400
1018,1018,183171447500,22,008700
1019,1019,792028285836,2,010050
1020,1020,442886958000,41,071320
1021,1021,120352455875,16,032790
1022,1022,47843999175,11,020180
1023,1023,358754400000,17,004250
1024,1024,11820900000,24,387310
1025,1025,207338569600,32,189330
1026,1026,73284749300,7,223250
1027,1027,286948393600,2,036530
1028,1028,152950000000,54,004080
1029,1029,198406222740,17,137950
1030,1030,1055600000000,22,004490
1031,1031,497907900000,33,110790
1032,1032,75962847730,7,169330
1033,1033,48470007530,22,015260
1034,1034,103555988985,53,097800
1035,1035,1904031887500,18,145020
1036,1036,255039640000,8,058610
1037,1037,109591063600,26,056730
1038,1038,837793513800,55,034120
1039,1039,124213031100,12,000890
1040,1040,34496420829700,40,000270
1041,1041,73000000000,5,147830
1042,1042,174535513175,10,013720
1043,1043,35850466080,8,069330
1044,1044,166840720000,27,002460
1045,1045,50689612800,47,008830
1046,1046,70372430600,39,222980
1047,1047,11560028247400,13,033780
1048,1048,101170047735,26,038530
1049,1049,289699147500,18,288330
1050,1050,162016000000,17,003830
1051,1051,24506382070,26,064090
1052,1052,55492330600,17,115570
1053,1053,381949787700,55,088260
1054,1054,175421064000,18,304840
1055,1055,99792000000,39,009780
1056,1056,656201334280,27,097230
1057,1057,104225400000,29,317120
1058,1058,202311448650,17,092730
1059,1059,253675404640,8,045970
1060,1060,112390740000,32,263860
1061,1061,206316400000,8,255440
1062,1062,675378127800,53,183300
1063,1063,16406989200,27,009415
1064,1064,416388021000,23,003300
1065,1065,106393844825,22,017040
1066,1066,772441286100,50,033270
1067,1067,436019847525,49,000370
1068,1068,75445500000,55,023350
1069,1069,1941550612500,55,000150
1070,1070,112575817000,5,263770
1071,1071,2504183955000,17,010060
1072,1072,348000000000,2,107590
1073,1073,13427400000,24,396770
1074,1074,13521942064400,4,011200
1075,1075,102544000000,32,262840
1076,1076,171242800000,2,168490
1077,1077,64367100000,51,080010
1078,1078,6848400000,24,335870
1079,1079,169740000000,15,039340
1080,1080,63764720640,10,065500
1081,1081,65083143520,17,226340
1082,1082,61955080500,32,356890
1083,1083,86834027360,16,066110
1084,1084,612659639000,12,005610
1085,1085,12457825800000,55,018260
1086,1086,159201882500,26,057880
1087,1087,41727180600,22,011230
1088,1088,42867145354,8,101390
1089,1089,8183676000,46,004545
1090,1090,343433475880,42,060570
1091,1091,89462772960,47,010240
1092,1092,296281530270,40,003570
1093,1093,357638267550,50,003220
1094,1094,778112071000,17,090435
1095,1095,18036000000,47,103230
1096,1096,325853120100,42,123420
1097,1097,303255000000,17,079980
1098,1098,171000000000,8,033560
1099,1099,110734022750,4,009180
1100,1100,269168898600,7,115180
1101,1101,83208125000,24,900290
1102,1102,1213777086000,54,018670
1103,1103,132436416015,53,253590
1104,1104,282900000000,53,376190
1105,1105,195498814000,2,003555
1106,1106,1379400000000,37,079550
1107,1107,135326000000,47,051490
1108,1108,59010000000,32,131090
1109,1109,43368000000,5,079170
1110,1110,1044044956500,55,039130
1111,1111,75934111635,14,106520
1112,1112,60278604100,10,263540
1113,1113,115200000000,12,002600
1114,1114,344768038455,50,003060
1115,1115,626296927750,42,101730
1116,1116,1011656826600,42,069080
1117,1117,282217471500,54,093230
1118,1118,69462093400,17,045060
1119,1119,53883772800,20,376180
1120,1120,1370344505760,55,330590
1121,1121,724547413500,22,267260
1122,1122,17523617034000,17,051900
1123,1123,133500000000,40,023810
1124,1124,244620918080,47,195990
1125,1125,87005000000,55,058860
1126,1126,3830972355000,40,005387
1127,1127,5769049044750,2,088980
1128,1128,254375000000,41,117580
1129,1129,132682000000,37,012200
1130,1130,645084555800,53,067310
1131,1131,263125251950,44,004560
1132,1132,237624249920,18,244460
1133,1133,73078200000,36,011560
1134,1134,148844556495,54,002700
1135,1135,420711787880,37,009160
1136,1136,33200117928,40,005030
1137,1137,654904011500,12,145990
1138,1138,344496002400,7,047920
1139,1139,1020715536750,55,023590
1140,1140,26710170000,4,004365
1141,1141,722211729200,7,036830
1142,1142,1718487108000,12,007310
1143,1143,57749930008,55,007120
1144,1144,49076104570,53,089530
1145,1145,121358760000,2,007540
1146,1146,200100000000,36,036190
1147,1147,211816330250,53,122640
1148,1148,269571509300,32,139670
1149,1149,71601500025,19,192410
1150,1150,672028429500,42,095660
1151,1151,130394845000,55,053690
1152,1152,127475400000,10,170030
1153,1153,273828887200,47,282880
1154,1154,2759599847200,8,086520
1155,1155,555408000000,49,000815
1156,1156,165219806010,14,214610
1157,1157,761052980000,32,053800
1158,1158,45209484250,17,091970
1159,1159,1549281146400,18,195940
1160,1160,169740260480,17,024890
1161,1161,116176918305,47,084180
1162,1162,197165000000,44,002710
1163,1163,28621706400,2,36328K
1164,1164,318175587000,29,148150
1165,1165,69379412820,29,032540
1166,1166,185772753900,22,103590
1167,1167,235821636750,17,001340
1168,1168,260943496650,18,138610
1169,1169,78916039020,39,088910
1170,1170,203748553000,32,058970
1171,1171,67536000000,43,000950
1172,1172,251707104000,17,017890
1173,1173,135400000000,27,034300
1174,1174,349041255400,27,005960
1175,1175,40679279400,17,009835
1176,1176,43661777855,14,056090
1177,1177,77962483710,32,067920
1178,1178,107464434000,40,024900
1179,1179,18839533608,26,141020
1180,1180,267171344000,39,357230
1181,1181,271925892640,46,009580
1182,1182,76150259550,3,115310
1183,1183,77083933500,46,002870
1184,1184,131275554300,33,065950
1185,1185,72692256000,19,056360
1186,1186,147417759600,44,008970
1187,1187,43653084000,55,005257
1188,1188,103677601000,32,040160
1189,1189,213520015440,17,100250
1190,1190,8377019750000,42,263750
1191,1191,4151293860000,12,271560
1192,1192,552570908000,14,287410
1193,1193,135390485400,26,024950
1194,1194,135555603600,7,054800
1195,1195,27576583150,36,044180
1196,1196,46768456800,22,014910
1197,1197,51765000000,37,006570
1198,1198,84666000000,12,006980
1199,1199,587662267500,22,026890
1200,1200,17579086500,4,18064K
1201,1201,33225040000,53,096870
1202,1202,64500000000,23,008870
1203,1203,57020957000,8,115530
1204,1204,223800000000,2,015360
1205,1205,271608803100,8,114810
1206,1206,395312743000,47,277810
1207,1207,167445004200,47,054950
1208,1208,117483655230,7,086040
1209,1209,449650000000,44,002240
1210,1210,53490372220,24,900340
1211,1211,570313320100,53,095610
1212,1212,61214800940,26,046970
1213,1213,271243139300,24,054620
1214,1214,58298240000,47,039610
1215,1215,176958024705,5,109610
1216,1216,110628136080,40,143210
1217,1217,40954232880,47,148140
1218,1218,58630521600,26,043090
1219,1219,233206000000,17,023450
1220,1220,123278634800,18,331920
1221,1221,144420000000,17,006890
1222,1222,2212650000000,49,001450
1223,1223,668856098400,47,082270
1224,1224,224100265600,48,226330
1225,1225,258496187125,24,019550
1226,1226,263155122250,32,214180
1227,1227,44891506000,29,237750
1228,1228,40287668750,17,060260
1229,1229,147016000000,48,030960
1230,1230,80900000000,40,021820
1231,1231,79302912246,37,145210
1232,1232,107558104400,18,229000
1233,1233,318829928600,26,214870
1234,1234,159255141360,8,066670
1235,1235,37148878440,14,219750
1236,1236,1364140080000,28,034230
1237,1237,21192842600,2,000075
1238,1238,13564100000,24,367480
1239,1239,356006400000,18,340570
1240,1240,96525394875,44,008260
1241,1241,130830000000,23,047400
1242,1242,111994082900,50,002720
1243,1243,627288070500,2,012630
1244,1244,53894613210,24,028080
1245,1245,1127469266400,53,084370
1246,1246,321843440400,48,950190
1247,1247,34729205760,54,088790
1248,1248,23296330850,16,161570
1249,1249,110717391250,40,015230
1250,1250,177015905100,10,088290
1251,1251,3017989260000,53,058470
1252,1252,74965783420,39,218150
1253,1253,357500000000,17,002960
1254,1254,752529180000,12,049770
1255,1255,5440858536400,2,138040
1256,1256,857052929700,47,222080
1257,1257,162736000000,55,396690
1258,1258,1250865740880,54,001740
1259,1259,55198454400,44,071090
1260,1260,160138782400,5,186230
1261,1261,99813000000,11,089150
1262,1262,142416241170,39,189980
1263,1263,72273528000,50,000105
1264,1264,424519842500,2,003030
1265,1265,58834628260,45,154030
1266,1266,54573520000,27,010400
1267,1267,88744808725,43,014990
1268,1268,236321603600,8,357580
1269,1269,853212712000,45,006040
1270,1270,9756011356600,2,316140
1271,1271,45205142400,11,050320
1272,1272,1680000000000,22,010120
1273,1273,43693419410,8,065690
1274,1274,104484603790,43,007980
1275,1275,328711801400,34,030210
1276,1276,90942558450,3,039420
1277,1277,42124346235,11,070590
1278,1278,43703205000,47,317850
1279,1279,62019984675,26,031860
1280,1280,94462933370,26,065150
1281,1281,259606192325,39,035810
1282,1282,107700036600,55,078000
1283,1283,55126731300,20,327260
1284,1284,57655000000,5,054540
1285,1285,1328624120000,47,056190
1286,1286,294731923050,39,136480
1287,1287,331800000000,44,058430
1288,1288,1200834200000,13,013890
1289,1289,288210981310,34,016610
1290,1290,331939267400,17,281740
1291,1291,389828520900,53,080580
1292,1292,391056829020,37,082740
1293,1293,92480000000,44,155660
1294,1294,121536000000,29,048430
1295,1295,274973512000,55,002030
1296,1296,442491562800,29,065350
1297,1297,7550400000,44,014285
1298,1298,9235200000,24,397880
1299,1299,1454492340000,23,300720
1300,1300,242620000000,7,377450
1301,1301,244833871000,32,163730
1302,1302,402842898550,40,214330
1303,1303,64073952800,53,062860
1304,1304,91390819800,5,017480
1305,1305,105563918760,54,008600
1306,1306,31537560950,22,35320K
1307,1307,171094704840,55,000700
1308,1308,51042368416500,55,035720
1309,1309,3975452204550,23,003410
1310,1310,106520400000,19,109080
1311,1311,812496186250,12,001680
1312,1312,96278181710,14,196450
1313,1313,806464814400,5,100090
1314,1314,1531695428850,44,001230
1315,1315,191959294000,39,239610
1316,1316,25233717915,32,208860
1317,1317,63499590000,5,017510
1318,1318,39879970985,47,044780
1319,1319,47571168000,5,008470
1320,1320,11003571932000,29,247540
1321,1321,267926636250,8,097780
1322,1322,103814025462,37,015590
1323,1323,59933000000,10,080470
1324,1324,8864632500,12,004415
1325,1325,304857425950,7,038290
1326,1326,2540734182000,54,282330
1327,1327,73637904160,18,307280
1328,1328,11017000000,24,365590
1329,1329,832590000000,4,272450
1330,1330,122286000000,16,224110
1331,1331,211310655860,55,003560
1332,1332,117139038260,53,200470
1333,1333,1324067928300,18,064550
1334,1334,190033636050,32,158430
1335,1335,134381091020,12,011150
1336,1336,753151200000,38,074600
1337,1337,78911858740,10,040610
1338,1338,75657684960,10,126640
1339,1339,19563782040,42,053110
1340,1340,112032000000,2,152550
1341,1341,38758520610,17,048830
1342,1342,2884526927100,2,138930
1343,1343,86971880970,12,006090
1344,1344,499272372150,17,025860
1345,1345,330982763250,53,031980
1346,1346,2484381870000,40,005385
1347,1347,250227706500,19,143160
1348,1348,323313775800,55,000155
1349,1349,18620571900,17,000885
1350,1350,137785170080,47,117730
1351,1351,59187853900,5,021040
1352,1352,713908546000,47,136510
1353,1353,101483028900,10,038110
1354,1354,148495252360,27,002410
1355,1355,84459112500,40,002920
1356,1356,89781723900,8,076610
1357,1357,73098801545,22,044380
1358,1358,162778644375,26,060560
1359,1359,245919359760,17,000390
1360,1360,223200000000,17,083420
1361,1361,192531476550,48,053290
1362,1362,176301877700,14,317690
1363,1363,175144263600,26,038070
1364,1364,134401679400,47,251630
1365,1365,44765709030000,22,006400
1366,1366,1226358930750,32,060250
1367,1367,163827657000,29,105330
1368,1368,547054470000,53,348210
1369,1369,225083262150,42,207760
1370,1370,69105069865,55,145270
1371,1371,307237656900,53,122990
1372,1372,187847211150,47,053080
1373,1373,150508612000,27,37550K
1374,1374,212855325600,50,063160
1375,1375,53973046160,34,003475
1376,1376,246181107300,53,102120
1377,1377,146207360860,10,067390
1378,1378,184277138400,42,047560
1379,1379,1205971881400,53,166090
1380,1380,4155960000000,49,005830
1381,1381,531535742400,50,007570
1382,1382,727079104500,28,289220
1383,1383,23455200000,17,004835
1384,1384,205660510000,44,000970
1385,1385,203705112000,7,236810
1386,1386,135041940000,47,217500
1387,1387,139284067520,10,234100
1388,1388,80373095040,47,158310
1389,1389,112029919965,26,900100
1390,1390,136006440105,17,044480
1391,1391,881363543100,44,103140
1392,1392,24872723722000,40,012330
1393,1393,7719329100,2,005745
1394,1394,169573080000,47,297090
1395,1395,62235123180,17,050760
1396,1396,134240000000,44,032560
1397,1397,1271207108000,12,005300
1398,1398,266164891440,42,205500
1399,1399,63360000000,17,008370
1400,1400,69167763488,47,101000
1401,1401,70004000000,5,059270
1402,1402,62370000000,22,007610
1403,1403,209450317500,7,104620
1404,1404,122762041200,14,046210
1405,1405,108101896700,18,042520
1406,1406,191077917600,47,340930
1407,1407,7338003651200,8,066970
1408,1408,245218807680,55,102260
1409,1409,263632559400,7,245620
1410,1410,44267239920,32,223310
1411,1411,122114186250,8,121850
1412,1412,117899760000,17,265740
1413,1413,1721250000000,27,051600
1414,1414,564706444850,18,950130
1415,1415,90096991670,53,071280
1416,1416,144966051750,7,168330
1417,1417,86511555200,7,043910
1418,1418,97966580400,26,309930
1419,1419,1689748907400,37,017800
1420,1420,256586176600,55,095570
1421,1421,195415561460,18,208340
1422,1422,53466821135,19,174880
1423,1423,126645964500,29,263600
1424,1424,874592221600,29,218410
1425,1425,371060124000,54,122900
1426,1426,4936800000000,40,010140
1427,1427,27799099452,10,113810
1428,1428,85300000000,37,049800
1429,1429,187035000000,55,267850
1430,1430,168999422800,7,339950
1431,1431,174851570560,44,069460
1432,1432,123400000000,13,134790
1433,1433,271274796000,4,044450
1434,1434,399986721000,19,230240
1435,1435,3823467804700,2,078930
1436,1436,139176778880,10,067570
1437,1437,242673092000,7,217600
1438,1438,298318052750,53,083310
1439,1439,157000000000,47,071670
1440,1440,26998782075,5,026910
1441,1441,212040000000,17,251970
1442,1442,37651608325,29,062970
1443,1443,43837845003000,17,051910
1444,1444,840258545200,54,005440
1445,1445,520134251400,18,307750
1446,1446,1604781584900,19,032500
1447,1447,60096592750,17,225430
1448,1448,122984092000,55,015020
1449,1449,88198826400,53,087600
1450,1450,29818702100,5,020400
1451,1451,57240000000,5,038010
1452,1452,129680319560,8,208710
1453,1453,1710387500000,53,064760
1454,1454,130824554000,16,093190
1455,1455,135826308000,37,120030
1456,1456,85890000000,39,238200
1457,1457,303437741200,2,005810
1458,1458,222082929900,7,180400
1459,1459,1922949945000,28,299900
1460,1460,508105476060,17,104480
1461,1461,2954198548000,4,000120
1462,1462,110035782594,55,031820
1463,1463,111520000000,14,041920
1464,1464,506848188000,2,060980
1465,1465,6431250000000,4,086280
1466,1466,76000560230,53,080520
1467,1467,128010432480,36,007680
1468,1468,67792123035,54,005110
1469,1469,34152467050,13,071950
1470,1470,51369319620,16,332370
1471,1471,132533376480,8,037330
1472,1472,806378174100,53,131290
1473,1473,198212622000,39,270870
1474,1474,73957869930,17,317240
1475,1475,83042654530,8,033100
1476,1476,224058939100,50,234080
1477,1477,320851207500,50,016580
1478,1478,197181414750,53,232680
1479,1479,4589498238500,17,267250
1480,1480,450372467820,11,038540
1481,1481,57174732265,29,203450
1482,1482,267303609000,8,192440
1483,1483,191023385700,26,074430
1484,1484,63525847000,17,250930
1485,1485,7237825000,24,323280
1486,1486,874581000000,53,046890
1487,1487,440292225000,17,081000
1488,1488,1293444063600,18,256840
1489,1489,70732088471,23,004870
1490,1490,1204306992400,18,206650
1491,1491,194310408300,3,039290
1492,1492,181117030500,18,187420
1493,1493,112836885000,14,225190
1494,1494,201226100000,29,273640
1495,1495,86641630920,29,264850
1496,1496,144142760000,14,305090
1497,1497,153031638440,16,347890
1498,1498,78379051385,29,119850
1499,1499,66714579750,39,003310
1500,1500,2071493620000,42,078340
1501,1501,76719035000,8,106080
1502,1502,23700000000,24,03481K
1503,1503,149955640000,10,128540
1504,1504,146700000000,18,114450
1505,1505,3322000000000,17,278280
1506,1506,56435000800,44,002690
1507,1507,288590862800,53,200710
1508,1508,116400000000,14,006140
1509,1509,198523858700,32,290090
1510,1510,110111764100,19,069540
1511,1511,18976000000,24,336060
1512,1512,645491414200,18,048530
1513,1513,99922111380,40,090080
1514,1514,92661512400,19,340360
1515,1515,109273620330,51,089230
1516,1516,1745822098600,54,069960
1517,1517,872812137000,55,284740
1518,1518,135596702150,29,071460
1519,1519,175666661280,8,036710
1520,1520,68667784000,8,094970
1521,1521,99153219060,25,024800
1522,1522,145704521100,32,150900
1523,1523,4731136720800,2,071050
1524,1524,485319600000,32,046440
1525,1525,55134426375,54,007630
1526,1526,133523584000,53,241770
1527,1527,1498827765750,22,001440
1528,1528,143693035200,10,064820
1529,1529,371297198800,18,099430
1530,1530,179520000000,50,004310
1531,1531,2553508553000,50,006280
1532,1532,80742781350,28,204630
1533,1533,325100136000,29,247660
1534,1534,109911060080,16,096690
1535,1535,443801600000,53,104830
1536,1536,21280401200,5,053660
1537,1537,104007171550,42,023770
1538,1538,49948565250,4,084670
1539,1539,81600000000,18,007370
1540,1540,3715949561000,55,307950
1541,1541,185429181600,53,049080
1542,1542,42393198750,55,153360
1543,1543,26586387450,14,078650
1544,1544,65000000000,17,010640
1545,1545,66165757200,19,038950
1546,1546,58556025000000,50,207940
1547,1547,120698500000,17,002760
1548,1548,156330020100,32,315640
1549,1549,166367615040,14,179290
1550,1550,104967500000,31,014970
1551,1551,184476496561,55,012030
1552,1552,308303139200,50,002390
1553,1553,1090000000000,55,214320
1554,1554,54689958400,10,046070
1555,1555,315040061150,17,237880
1556,1556,160304133720,53,119830
1557,1557,1314797049300,17,005070
1558,1558,121002873875,12,004410
1559,1559,271150139250,42,067280
1560,1560,3695023143900,2,008930
1561,1561,92628000000,24,023460
1562,1562,147146129190,8,267320
1563,1563,82643607120,7,215380
1564,1564,367309032300,55,095720
1565,1565,93827685110,46,027970
1566,1566,130119357600,18,012790
1567,1567,13572650250,23,004985
1568,1568,53320000000,36,002290
1569,1569,713335200000,18,214370
1570,1570,496505032800,52,281820
1571,1571,61584309800,39,353190
1572,1572,133692574500,7,389030
1573,1573,599001829500,23,006390
1574,1574,49361500000,40,004100
1575,1575,11550209904000,22,361610
1576,1576,3235783789800,54,007070
1577,1577,354327156000,2,072710
1578,1578,94171473000,14,164060
1579,1579,76283169100,17,025620
1580,1580,486094395600,42,263720
1581,1581,122988390000,32,307870
1582,1582,68899511040,10,024740
1583,1583,4980436580,27,002785
1584,1584,72823200000,24,190650
1585,1585,262795000000,12,001130
1586,1586,83543372792,40,000040
1587,1587,109696000000,17,004910
1588,1588,10596391200,2,084695
1589,1589,155259060000,12,008040
1590,1590,671987592705,4,003280
1591,1591,190806000000,16,045660
1592,1592,129424450000,32,357880
1593,1593,101924568300,7,039830
1594,1594,424995842400,17,001390
1595,1595,143773238450,24,204620
1596,1596,331302236650,47,297890
1597,1597,200271273200,32,136540
1598,1598,238274223500,12,097955
1599,1599,81907821200,40,092780
1600,1600,149545507500,29,036010
1601,1601,293569050000,43,001460
1602,1602,1918686564400,54,111770
1603,1603,1163768583750,22,353200
1604,1604,792960000000,24,041190
1605,1605,88615859010,10,092460
1606,1606,82820979315,26,032680
1607,1607,131999808660,50,000220
1608,1608,140638300920,47,007820
1609,1609,112850366400,54,227840
1610,1610,52023782250,8,032960
1611,1611,64708556520,14,043100
1612,1612,1306829512000,17,348370
1613,1613,1409545827750,53,222800
1614,1614,462400000000,10,015750
1615,1615,56800062192,11,010280
1616,1616,266842757000,39,027710
1617,1617,78212375600,12,023150
1618,1618,975331257000,17,089980
1619,1619,287227795900,18,166480
1620,1620,159526156665,37,017550
1621,1621,43154803159,40,018500
1622,1622,268828005600,19,073490
1623,1623,148383601760,10,014200
1624,1624,86760764240,7,270520
1625,1625,720557985000,54,001530
1626,1626,138545489390,16,068940
1627,1627,2138846891000,40,271940
1628,1628,77400000000,5,053620
1629,1629,42720312600,47,160600
1630,1630,589997168000,7,291230
1631,1631,148471407060,40,002880
1632,1632,95472000000,5,053260
1633,1633,245155671450,26,012700
1634,1634,7682529825000,55,326030
1635,1635,204559268491,43,102280
1636,1636,305143620000,5,100130
1637,1637,143971987250,14,156100
1638,1638,84461356800,10,053270
1639,1639,191829280500,47,277880
1640,1640,100600000000,46,002200
1641,1641,63090441240,14,208370
1642,1642,169774915200,32,263700
1643,1643,307800000000,7,045100
1644,1644,129456000000,8,093920
1645,1645,1054920312000,42,064260
1646,1646,537045165000,26,065660
1647,1647,181879463600,17,134380
1648,1648,197202500000,29,199820
1649,1649,147919750000,39,377220
1650,1650,392043942050,19,099320
1651,1651,903948023300,55,036420
1652,1652,897552000000,55,348950
1653,1653,665203457900,12,017810
1654,1654,8229267853200,40,329180
1655,1655,1068950108000,18,085660
1656,1656,68469688375,38,222420
1657,1657,194572076000,53,171090
1658,1658,12681331136400,26,091990
1659,1659,201098704600,42,300080
1660,1660,235000000000,45,007160
1661,1661,111889046000,16,038460
1662,1662,6198540000,24,347140
1663,1663,526513312200,53,317330
1664,1664,33268272000,17,227610
1665,1665,60086160595,47,099440
1666,1666,147030019500,2,004150
1667,1667,112709687200,36,037370
1668,1668,133003109250,39,311390
1669,1669,441851801040,18,334970
1670,1670,73613740200,29,189860
1671,1671,185119617150,32,303530
1672,1672,273310830400,54,002810
1673,1673,133205082200,18,330350
1674,1674,298738839150,27,013580
1675,1675,98735500000,17,357550
1676,1676,1219251651200,55,032350
1677,1677,367644412600,18,241820
1678,1678,112399696500,26,000440
1679,1679,68487825000,11,064480
1680,1680,61526836900,47,073010
1681,1681,89613341820,8,066900
1682,1682,56340714400,14,290660
1683,1683,105424000000,37,119650
1684,1684,210394609100,53,187870
1685,1685,141225472000,23,014580
1686,1686,12795750000,24,367340
1687,1687,893562161750,8,068240
1688,1688,376885869480,36,035890
1689,1689,880522500000,43,020000
1690,1690,176187688950,10,090150
1691,1691,9169650000,24,344050
1692,1692,131125003520,26,033320
1693,1693,66900777000,26,032980
1694,1694,333600000000,23,000480
1695,1695,11822100000,24,340120
1696,1696,85026942000,40,041650
1697,1697,138901773000,18,001540
1698,1698,237101408750,32,108860
1699,1699,99281138880,42,030350
1700,1700,129675000000,47,045520
1701,1701,602203008500,50,170900
1702,1702,118375000000,5,039240
1703,1703,6742045200000,43,383220
1704,1704,411237959700,13,084680
1705,1705,233133895900,29,032820
1706,1706,176971729800,32,367000
1707,1707,147577201980,28,310200
1708,1708,239167153560,54,000680
1709,1709,65746198780,32,189690
1710,1710,44861158270,39,086060
1711,1711,165477847850,24,241520
1712,1712,93128359080,10,123410
1713,1713,91319615640,18,052670
1714,1714,152414724000,47,302430
1715,1715,60720487040,32,290270
1716,1716,60280000000,5,012620
1717,1717,1605586069800,40,009900
1718,1718,1244512730400,42,063080
1719,1719,390572828250,14,100120
1720,1720,1096500000000,17,268280
1721,1721,3248700000000,55,052690
1722,1722,191606611900,47,109740
1723,1723,100464807930,55,100220
1724,1724,524355236800,14,043150
1725,1725,142999133550,53,092870
1726,1726,213729400500,28,361570
1727,1727,2135568454950,12,000080
1728,1728,490363740000,36,013120
1729,1729,247970573330,8,052020
1730,1730,38090765860,53,115610
1731,1731,594024003700,18,243070
1732,1732,9986093650400,17,010950
1733,1733,96280867900,17,290380
1734,1734,2394931583250,17,000880
1735,1735,15917770000,24,323940
1736,1736,207962584060,14,215090
1737,1737,7832968500,14,08537M
1738,1738,93184302720000,22,000660
1739,1739,135079016500,53,141000
1740,1740,206952311850,54,128820
1741,1741,106057092060,8,012340
1742,1742,339918000000,28,086980
1743,1743,81082198260,29,290690
1744,1744,178095259650,36,026150
1745,1745,8921700000,24,337450
1746,1746,219965122240,37,077970
1747,1747,52770469880,42,299910
1748,1748,112146973740,18,034940
1749,1749,10548647739000,37,034020
1750,1750,516856093200,7,060150
1751,1751,132003365080,14,122310
1752,1752,191244653500,29,356860
1753,1753,1499397044600,4,020560
1754,1754,64746816000,2,000215
1755,1755,195646334250,7,067900
1756,1756,745746424650,55,016710
1757,1757,318476922100,53,252990
1758,1758,89734093800,53,123010
1759,1759,170700000000,18,023910
1760,1760,438421480200,26,035080
1761,1761,355375977750,19,138080
1762,1762,76427772855,53,043590
1763,1763,105485582280,32,053350
1764,1764,218724693800,53,256940
1765,1765,239472210930,38,225530
1766,1766,14190075900,19,033790
1767,1767,164976652820,47,014940
1768,1768,195547668000,26,051380
1769,1769,303711725750,37,007460
1770,1770,107234681400,53,098120
1771,1771,199698879800,29,288620
1772,1772,39601292100,55,140910
1773,1773,81650555220,11,045510
1774,1774,232064000000,17,004830
1775,1775,43601513175,8,083470
1776,1776,1234490512500,55,005250
1777,1777,76049112050,39,005860
1778,1778,6251520000,49,000545
1779,1779,9469418400,27,002995
1780,1780,13275309150,2,00806K
1781,1781,165375000000,8,110990
1782,1782,79000034288,53,064520
1783,1783,38769300000,43,001465
1784,1784,81688604810,33,352700
1785,1785,240169089600,18,220100
1786,1786,95469664320,53,090470
1787,1787,50542308360,32,153460
1788,1788,115021605295,37,011700
1789,1789,118440718210,8,096630
1790,1790,269327416400,18,049180
1791,1791,65665389480,33,065060
1792,1792,212189549670,29,082850
1793,1793,83058750000,19,039010
1794,1794,101021932200,26,099220
1795,1795,1058625390000,34,003540
1796,1796,27630000000,16,043360
1797,1797,188490774600,54,101140
1798,1798,55641846230,32,184230
1799,1799,127154950650,11,038680
1800,1800,52800000000,7,054930
1801,1801,88097065650,26,250000
1802,1802,397742199180,32,032620
1803,1803,174300000000,13,002170
1804,1804,3544819200000,41,036460
1805,1805,1325427484000,50,185750
1806,1806,114968765100,42,215100
1807,1807,97267676880,53,138690
1808,1808,285443209500,2,000140
1809,1809,206150000000,32,041460
1810,1810,207381680000,19,211270
1811,1811,1020470833800,53,036930
1812,1812,224224000000,5,014620
1813,1813,65413872900,2,078935
1814,1814,65040000000,34,003535
1815,1815,198755500000,17,015890
1816,1816,888095315700,17,014830
1817,1817,49946753940,54,013000
1818,1818,120172836000,14,335810
1819,1819,733380333550,44,001430
1820,1820,2862686772000,17,298050
1821,1821,125110932480,39,005990
1822,1822,667803682000,41,005090
1823,1823,296242995750,53,038880
1824,1824,762598940850,53,101490
1825,1825,56449640520,8,081580
1826,1826,231657473400,50,214390
1827,1827,117400000000,24,027830
1828,1828,476683483500,53,232140
1829,1829,94115931000,7,037440
1830,1830,488124742240,24,027360
1831,1831,176514000000,18,100700
1832,1832,70936380000,16,067010
1833,1833,149726367000,18,225220
1834,1834,10115600000,24,367360
1835,1835,135299567700,41,267290
1836,1836,1153991872800,17,383310
1837,1837,3089817798600,15,035760
1838,1838,146887286100,7,291650
1839,1839,231164000000,55,094280
1840,1840,62963935800,17,069110
1841,1841,129535923990,10,053590
1842,1842,284800000000,54,037710
1843,1843,136449792000,29,214430
1844,1844,49408524165,48,036000
1845,1845,63539640950,17,083660
1846,1846,102291118850,24,016600
1847,1847,31196463494,24,900120
1848,1848,245035510000,17,00279K
1849,1849,97627222220,40,378850
1850,1850,386353912000,18,206640
1851,1851,309421957800,46,011280
1852,1852,454477579515,26,031330
1853,1853,78152751300,27,000725
1854,1854,266154522500,42,104200
1855,1855,1135367134000,7,030190
1856,1856,357840765900,26,036030
1857,1857,157065689550,34,003460
1858,1858,266077341600,7,311690
1859,1859,91910255685,53,092600
1860,1860,6158764200,50,001065
1861,1861,488234472000,24,078020
1862,1862,60240302320,26,178780
1863,1863,452179553580,7,083790
1864,1864,1968571802600,14,048260
1865,1865,131037888110,8,024810
1866,1866,61725405855,13,004920
1867,1867,782839474000,12,280360
1868,1868,254400000000,43,001070
1869,1869,249791023200,7,096240
1870,1870,231131974500,28,054780
1871,1871,225000000000,22,005680
1872,1872,84009934400,5,049830
1873,1873,22173634000,2,002025
1874,1874,177106475125,17,060900
1875,1875,737512749000,53,319660
1876,1876,92104040800,47,105740
1877,1877,156650000000,17,000860
1878,1878,68789596260,8,096640
1879,1879,51803360440,17,024070
1880,1880,1358087415750,34,003530
1881,1881,1231971177500,55,950210
1882,1882,265985628750,32,051160
1883,1883,255757291140,19,039560
1884,1884,255000000000,17,090350
1885,1885,211597839900,10,241690
1886,1886,113233301700,8,041520
1887,1887,69554802762,24,900300
1888,1888,137243909550,26,064800
1889,1889,47623258125,34,003465
1890,1890,57518743500,54,008775
1891,1891,6456544809000,17,011790
1892,1892,2937696498950,22,272210
1893,1893,11876800000,24,340350
1894,1894,110216007300,7,359090
1895,1895,1011241251900,17,192820
1896,1896,206165011860,47,078150
1897,1897,193430614900,47,083930
1898,1898,57378087390,33,008290
1899,1899,132292842000,32,372800
1900,1900,230994920300,42,201490
1901,1901,223533986170,53,080220
1902,1902,191545935910,54,009810
1903,1903,271780637400,12,001790
1904,1904,41496000000,40,001420
1905,1905,311102879040,47,319400
1906,1906,78129798250,19,065770
1907,1907,306422120000,2,00104K
1908,1908,463500000000,7,029960
1909,1909,30773640030,26,219550
1910,1910,35778157100,44,001770
1911,1911,81183102280,37,085310
1912,1912,2771985140600,40,010620
1913,1913,97813043120,32,041020
1914,1914,1105122677100,22,248070
1915,1915,817094297600,4,005880
1916,1916,11438000000,24,355150
1917,1917,45231613665,26,131100
1918,1918,71842354260,19,031310
1919,1919,153214679800,48,950110
1920,1920,86385544815,8,056700
1921,1921,93557526630,29,037030
1922,1922,130111325300,7,020710
1923,1923,493264305400,50,001060
1924,1924,971049154600,47,137400
1925,1925,276543624000,2,008060
1926,1926,150988573450,18,142280
1927,1927,2649016500000,49,088350
1928,1928,57209843484,24,900280
1929,1929,1149525057800,49,003690
1930,1930,52744277850,55,019685
1931,1931,120435267030,8,060230
1932,1932,339595300200,28,182360
1933,1933,661259872575,28,047820
1934,1934,3340180026000,22,336260
1935,1935,11086650000,24,332290
1936,1936,52438000000,10,024830
1937,1937,1071213340500,32,215000
1938,1938,165671574450,13,002450
1939,1939,34000000000,24,900270
1940,1940,111644158175,34,001290
1941,1941,66391688955,5,009620
1942,1942,529000000000,24,298870
1943,1943,162003469920,37,091090
1944,1944,39045000000,19,073540
1945,1945,76400819000,7,010470
1946,1946,197556560040,10,078590
1947,1947,294800000000,43,016450
1948,1948,79475830780,47,126870
1949,1949,1526313230400,7,144510
1950,1950,9446650600,27,003075
1951,1951,119812500000,7,036120
1952,1952,222026937600,18,006620
1953,1953,173931586850,45,054050
1954,1954,269504046800,8,126340
1955,1955,394719170900,53,033160
1956,1956,126978372725,10,024910
1957,1957,59712072240,14,226400
1958,1958,189068566800,53,089890
1959,1959,56669613400,10,122690
1960,1960,172282788000,17,096775
1961,1961,174879224780,47,196490
1962,1962,1081381206600,50,009420
1963,1963,429214525000,12,002270
1964,1964,51907500000,47,101170
1965,1965,53793638100,33,204020
1966,1966,190043280000,24,007330
1967,1967,141230334520,7,123570
1968,1968,501466000000,43,093050
1969,1969,151960311780,32,042510
1970,1970,552162847150,17,161000
1971,1971,232301669200,53,054450
1972,1972,532078357750,47,089970
1973,1973,199953275340,8,025320
1974,1974,5621288989500,17,011780
1975,1975,61733823200,32,100030
1976,1976,240205305340,16,096040
1977,1977,409491744900,2,071055
1978,1978,2169442057400,17,357780
1979,1979,224258820300,26,290720
1980,1980,101440168740,19,297570
1981,1981,358026094500,23,001520
1982,1982,64418907840,5,024840
1983,1983,55040139650,20,026040
1984,1984,406042009980,22,007660
1985,1985,41033000000,5,060480
1986,1986,83977397800,19,065570
1987,1987,1311343210155,17,073240
1988,1988,166998914250,10,067170
1989,1989,414000000000,44,058650
1990,1990,369471446400,24,053580
1991,1991,704120847000,42,042420
1992,1992,281380498560,47,144960
1993,1993,669161686500,32,030520
1994,1994,65152599860,39,066360
1995,1995,126226411125,32,206400
1996,1996,487530622800,18,246710
1997,1997,466435552250,53,101160
1998,1998,82509202405,40,001380
1999,1999,71952027500,46,109070
2000,2000,120263222250,18,217730
2001,2001,186047983230,53,082800
2002,2002,75936548430,7,187220
2003,2003,141270693280,23,010040
2004,2004,116245800000,17,003350
2005,2005,647008840400,2,009970
2006,2006,10056280000,12,26490K
2007,2007,184593637800,8,300120
2008,2008,250092262500,5,044490
2009,2009,91067885580,32,219420
2010,2010,13251000000,24,388220
2011,2011,75453902480,37,017370
2012,2012,298650000000,44,006110
2013,2013,204972730880,38,089140
2014,2014,54810331884,32,222810
2015,2015,8085000000,40,004105
2016,2016,137874213000,2,016880
2017,2017,275023468800,51,337930
2018,2018,530620000000,8,049070
2019,2019,232869573300,17,010955
2020,2020,2315046073800,32,067160
2021,2021,959827771200,23,344820
2022,2022,137873631350,46,012690
2023,2023,638402315100,7,199800
2024,2024,223400585370,20,263920
2025,2025,114792547200,54,004270
2026,2026,642585090350,2,034830
2027,2027,141804179300,40,006660
2028,2028,373560000000,25,003100
2029,2029,913992420000,55,365550
2030,2030,260284138600,34,001270
2031,2031,52653176320,33,033340
2032,2032,85800000000,50,019175
2033,2033,93571922400,26,106190
2034,2034,1017988107500,2,001800
2035,2035,67189562440,37,009310
2036,2036,93685893120,39,208140
2037,2037,359459512650,2,024720
2038,2038,564644750250,7,230360
2039,2039,333782477000,18,308080
2040,2040,142662155580,29,054220
2041,2041,22487945600,50,000225
2042,2042,221675869095,42,057680
2043,2043,46214697055,33,225590
2044,2044,479184507000,23,183190
2045,2045,199111569610,14,039860
2046,2046,121620361600,32,099390
2047,2047,200832587070,10,123040
2048,2048,55458000000,17,007770
2049,2049,394267361600,19,050890
2050,2050,252135000000,44,024090
2051,2051,26981756100,28,052190
2052,2052,2939515712000,40,204320
2053,2053,183985354375,29,010170
2054,2054,310402488000,32,376980
2055,2055,232777461800,12,003960
2056,2056,12707034000,50,007575
2057,2057,158548121550,17,120240
2058,2058,93176891750,37,004450
2059,2059,112088703240,50,000520
2060,2060,19579123096600,2,055550
2061,2061,158680500000,50,000230
2062,2062,82863324400,7,237820
2063,2063,199080000000,17,041930
2064,2064,1533204126000,2,000240
2065,2065,17195300000,24,391710
2066,2066,274421412000,18,228760
2067,2067,37652662655,19,099520
2068,2068,288195582750,52,003160
2069,2069,2572662400000,18,237690
2070,2070,616423500000,22,001820
2071,2071,364217731680,34,001200
2072,2072,228080689740,5,019210
2073,2073,317832022000,39,194700
2074,2074,305000000000,3,036800
2075,2075,69861599577,40,001620
2076,2076,209068329000,18,060590
2077,2077,60608826198,47,123840
2078,2078,157903400070,22,000300
2079,2079,187445372400,27,004960
2080,2080,3576767647200,10,028300
2081,2081,161534910600,36,016250
2082,2082,115105927710,18,260660
2083,2083,1588686771000,7,140410
2084,2084,1819843974000,2,003090
2085,2085,94200000000,26,004590
2086,2086,474081703200,55,126560
2087,2087,304457174130,42,066410
2088,2088,202052201000,22,009470
2089,2089,168450114000,55,000180
2090,2090,98342768475,53,143540
2091,2091,222770269120,26,067990
2092,2092,89101500000,55,338100
2093,2093,381115539750,24,100790
2094,2094,133046778670,29,307180
2095,2095,40766139800,4,003495
2096,2096,521714666400,17,007690
2097,2097,336898800000,17,006060
2098,2098,127322819275,14,335890
2099,2099,42581665280,8,154040
2100,2100,83697631200,32,045340
2101,2101,182777329280,18,067290
2102,2102,200741275600,47,068330
2103,2103,576618142500,32,377030
2104,2104,55853189920,54,025530
2105,2105,42295490510,17,080530
2106,2106,50262835000,2,006125
2107,2107,417542090850,5,033310
2108,2108,92315933600,22,008110
2109,2109,659155900000,7,323990
2110,2110,272693247750,44,008350
2111,2111,53352785360,10,071850
2112,2112,171024441940,32,192250
2113,2113,429618617275,22,011930
2114,2114,176239492260,26,018700
2115,2115,43004731440,48,033050
2116,2116,88488150300,43,002070
2117,2117,94333450000,24,293580
2118,2118,140175068400,17,014530
2119,2119,332820000000,55,035510
2120,2120,396090000000,55,130660
2121,2121,3094834647250,40,047810
2122,2122,15098856000,12,145995
2123,2123,120307096875,40,009320
2124,2124,410130000000,7,080160
2125,2125,247212958900,19,200230
2126,2126,309330794240,44,001780
2127,2127,74848895580,48,258790
2128,2128,62880000000,17,051630
2129,2129,69357488050,5,037760
2130,2130,65380000000,10,031510
2131,2131,53407166310,39,025880
2132,2132,113190190750,43,003610
2133,2133,10717917100,19,058220
2134,2134,69408000000,44,069730
2135,2135,259003261900,7,284620
2136,2136,71327501120,26,037400
2137,2137,91593682400,36,076080
2138,2138,5049983942750,27,000720
2139,2139,105669715580,47,088130
2140,2140,47208379400,2,00499K
2141,2141,607374643250,53,330860
2142,2142,44916011820,55,155900
2143,2143,69649324080,17,101240
2144,2144,7021187404900,42,293490
2145,2145,2367242054000,17,298020
2146,2146,1707841690980,2,175330
2147,2147,132752007000,16,129890
2148,2148,209214694260,8,082210
2149,2149,15866850000,24,397500
2150,2150,64950158075,10,104040
2151,2151,222250000000,51,053280
2152,2152,145745238515,39,073560
2153,2153,179696616840,8,052420
2154,2154,186900000000,7,094850
2155,2155,67072454895,39,277410
2156,2156,374991286500,17,226320
2157,2157,13502004984800,21,017670
2158,2158,142139988120,47,043220
2159,2159,73886848000,2,000590
2160,2160,269999646700,55,101060
2161,2161,528974998500,18,032300
2162,2162,325368419100,48,214270
2163,2163,54909759960,5,138070
2164,2164,6050000000,50,001067
2165,2165,487044152000,55,068400
2166,2166,127952878620,25,052300
2167,2167,169277617800,48,072870
2168,2168,692284078500,12,003230
2169,2169,430832333150,53,036200
2170,2170,358445652800,24,034810
2171,2171,159947899650,54,007110
2172,2172,723996213010,49,085620
2173,2173,202812525000,8,091580
2174,2174,354003113100,14,119610
2175,2175,105662063650,17,001550
2176,2176,67549577600,5,140520
2177,2177,8298951545050,30,024110
2178,2178,498415538400,55,020120
2179,2179,114962544700,47,044060
2180,2180,306241320000,54,077500
2181,2181,99432293300,22,000500
2182,2182,346611219240,22,033180
2183,2183,12101760000,47,101680
2184,2184,100219000000,17,163560
2185,2185,214098674220,38,238090
2186,2186,121044148600,38,198440
2187,2187,293378036000,8,054210
2188,2188,107941392000,36,001840
2189,2189,132443170530,47,065130
2190,2190,138824470800,7,046120
2191,2191,209530160000,8,161580
2192,2192,106677912000,47,159010
2193,2193,90069569540,54,010600
2194,2194,209340000000,42,348030
2195,2195,161145822720,5,006910
2196,2196,105362786880,44,012160
2197,2197,1075095642750,44,016380
2198,2198,636249696950,50,102460
2199,2199,67075016770,53,052860
2200,2200,847862829000,2,000070
2201,2201,364174683300,28,160550
2202,2202,82927793640,53,036170
2203,2203,98812602000,17,120115
2204,2204,47272202550,48,035290
2205,2205,129567159260,10,072470
2206,2206,617481490000,55,034310
2207,2207,328447948800,46,213500
2208,2208,279115963675,46,014160
2209,2209,1010465602500,7,950220
2210,2210,171062326260,17,950140
2211,2211,22671741835000,55,259960
2212,2212,114362545680,53,171010
2213,2213,280898537680,55,404990
2214,2214,398523574400,33,298540
2215,2215,436181647400,46,002310
2216,2216,52887523720,26,027040
2217,2217,60769895550,52,025560
2218,2218,45842492500,22,33637L
2219,2219,95920000000,18,014570
2220,2220,8817050000,24,330990
2221,2221,1653131688000,50,019170
2222,2222,91163001600,8,092300
2223,2223,106040000000,26,019010
2224,2224,17941875735000,2,034730
2225,2225,417831375000,47,104460
2226,2226,85500000000,44,026940
2227,2227,121312165000,10,101930
2228,2228,122640000000,15,040300
2229,2229,213013771620,30,006220
2230,2230,239661293600,34,005945
2231,2231,109700450000,55,058850
2232,2232,177620000000,36,021320
2233,2233,80570416428,5,096350
2234,2234,15006750000,24,336570
2235,2235,109462340580,32,322510
2236,2236,67248720000,32,220180
2237,2237,195822264000,19,037460
2238,2238,543705615540,26,220630
2239,2239,72064437190,17,217480
2240,2240,68466767850,8,091340
2241,2241,354081390000,44,004890
2242,2242,94766223750,43,111110
2243,2243,240222411600,17,239890
2244,2244,181153797300,10,122350
2245,2245,87096100000,7,037350
2246,2246,110510655500,17,002795
2247,2247,169770122520,17,078520
2248,2248,234997830400,7,142760
2249,2249,62200924500,37,025890
2250,2250,99859264800,14,137940
2251,2251,65515510000,39,103840
2252,2252,6528000000,24,323210
2253,2253,11063800000,24,351340
2254,2254,259824477640,10,118990
2255,2255,200552292600,42,052790
2256,2256,86485764750,36,046940
2257,2257,102901061770,24,246690
2258,2258,176954515800,29,236200
2259,2259,162588912000,52,105840
2260,2260,984929304600,28,122870
2261,2261,65581406380,55,072130
2262,2262,56919162080,28,032800
2263,2263,71928000000,47,043340
2264,2264,928400000000,41,015350
2265,2265,900669602820,8,151910
2266,2266,23867374608000,2,105560
2267,2267,422940639020,42,131370
2268,2268,31416305610,32,070300
2269,2269,44599265445,10,130740
2270,2270,169352016330,20,369370
2271,2271,315803719800,17,101360
2272,2272,9632000000,37,012205
2273,2273,205975764000,7,109820
2274,2274,251756376200,17,011500
2275,2275,10400373742000,55,251270
2276,2276,67684426245,7,039310
2277,2277,324284144040,42,043610
2278,2278,85950892130,11,046110
2279,2279,169990902270,18,061250
2280,2280,555255676800,14,039840
2281,2281,14401838432000,55,036570
2282,2282,44747135820,43,011300
2283,2283,10676600000,24,353490
2284,2284,124370776950,2,044820
2285,2285,49200000000,38,079650
2286,2286,70374183650,46,009770
2287,2287,22123200000,17,004255
2288,2288,551346901800,8,106240
2289,2289,82219538830,5,004780
2290,2290,54145141380,47,048770
2291,2291,136500000000,15,033830
2292,2292,788730540000,18,214450
2293,2293,178203037500,54,02826K
2294,2294,357348000000,44,104700
2295,2295,567054554000,17,115390
2296,2296,336458742400,17,033500
2297,2297,129000000000,40,023000
2298,2298,99300930000,48,242040
2299,2299,146852901140,32,205100
2300,2300,199600000000,17,006380
2301,2301,2170315575000,2,004800
2302,2302,134411769750,4,005430
2303,2303,381404167200,8,051370
2304,2304,114519676080,14,269620
2305,2305,275404730000,44,306200
2306,2306,363695171400,7,034950
2307,2307,46208731500,25,032280
2308,2308,127538710730,2,005740
2309,2309,199126580000,22,33626K
2310,2310,66039862735,36,078940
2311,2311,52142047500,43,084870
2312,2312,112309323660,18,131030
2313,2313,233327755700,17,126600
2314,2314,285750104040,32,053300
2315,2315,220706000000,55,400760
2316,2316,265142584600,12,136490
2317,2317,22288240520000,2,377300
2318,2318,73948540800,26,131220
2319,2319,861261194700,53,033640
2320,2320,78217058140,10,221840
2321,2321,135102000000,17,241710
2322,2322,4520253151400,50,000100
2323,2323,123889740000,14,181340
2324,2324,339108444900,18,078160
2325,2325,213022738500,53,160980
2326,2326,404965884050,26,115450
2327,2327,55512196000,12,005305
2328,2328,5684790441000,44,004020
2329,2329,210657237700,34,001750
2330,2330,69957421690,8,131400
2331,2331,1282027162200,7,141080
2332,2332,376424007000,17,011785
2333,2333,8283433455000,22,034220
2334,2334,114206936850,32,089850
2335,2335,60848969380,11,067730
2336,2336,1548822255000,27,294870
2337,2337,465984024200,37,017960
2338,2338,38867515110,15,066790
2339,2339,354570272700,50,293480
2340,2340,127950906300,14,261200
2341,2341,123204970695,54,118000
2342,2342,78078693000,14,363250
2343,2343,44520000000,54,000760
2344,2344,528124093200,47,382840
2345,2345,63743901570,26,066910
2346,2346,74700000000,29,032750
2347,2347,69100000000,39,005670
2348,2348,31314944880,33,098660
2349,2349,122085431400,48,321820
2350,2350,230896398460,12,101530
2351,2351,104577854040,8,351320
2352,2352,529668396060,22,092220
2353,2353,599640300000,22,007340
2354,2354,91686008330,18,078140
2355,2355,76479200000,24,277070
2356,2356,3231204499600,2,004990
2357,2357,120044232000,17,036640
2358,2358,136182216030,24,019590
2359,2359,183370158960,5,256630
2360,2360,219527057850,17,260930
2361,2361,366148315400,18,011040
2362,2362,48840480210,28,060300
2363,2363,54448116470,32,049470
2364,2364,244976000000,51,093320
2365,2365,33705878080,53,214310
2366,2366,7405955550,22,00781K
2367,2367,556892307000,17,108670
2368,2368,1562288330400,17,178920
2369,2369,229355571740,44,014280
2370,2370,692405489600,40,064960
2371,2371,78131200000,11,075130
2372,2372,63160389830,38,006050
2373,2373,151890000000,18,072020
2374,2374,126650250000,7,187660
2375,2375,135624723200,54,004060
2376,2376,1725920000000,2,006260
2377,2377,1067558566200,55,192080
2378,2378,477928114200,17,102710
2379,2379,97067714205,14,002230
2380,2380,1599655791500,47,098460
2381,2381,22854915026,2,096300
2382,2382,100499664915,36,041590
2383,2383,120466004000,47,272110
2384,2384,113480066000,40,013870
2385,2385,296125076800,40,010690
2386,2386,106170300000,2,380440
2387,2387,115637284000,28,173940
2388,2388,454837054350,54,005390
2389,2389,135408169800,16,051360
2390,2390,229388218800,17,001570
2391,2391,533747125000,26,063170
2392,2392,45899864100,32,173130
2393,2393,82767143500,8,054040
2394,2394,7297400000,24,388790
2395,2395,141723333600,24,014470
2396,2396,69742193465,8,049120
2397,2397,138570819200,11,040350
2398,2398,123123000000,7,049720
2399,2399,107550000000,43,005800
2400,2400,266700000000,37,004380
2401,2401,4357138500,26,032685
2402,2402,4215754400,27,002787
2403,2403,53598178885,10,123750
2404,2404,84375510150,8,095910
2405,2405,44328602650,8,187270
2406,2406,290832463800,7,084650
2407,2407,203239921500,14,228850
2408,2408,95539416780,14,147760
2409,2409,306686812000,22,009155
2410,2410,2008893643000,17,120110
2411,2411,2275884800000,17,051915
2412,2412,403609741500,50,000020
2413,2413,124086242700,2,001045
2414,2414,262629871840,40,033530
2415,2415,169544646300,53,241790
2416,2416,2737033068000,17,002380
2417,2417,871107532300,8,272290
2418,2418,120873740000,23,005750
2419,2419,505532397700,55,037270
2420,2420,252000000000,43,003200
2421,2421,326529486750,55,019680
2422,2422,110510371500,44,005010
2423,2423,767584612850,19,178320
2424,2424,50800835150,53,096610
2425,2425,1123963876800,22,066575
2426,2426,43609193160,26,043710
2427,2427,99436419840,32,072770
2428,2428,71243993200,53,063760
2429,2429,109069633600,18,053950
2430,2430,194670000000,39,023900
2431,2431,333262971400,46,016590
2432,2432,109054805700,28,322780
2433,2433,636737873750,50,249420
2434,2434,329319979800,32,138580
2435,2435,157921283500,32,032850
2436,2436,100646500000,17,004840
2437,2437,3577306282000,27,006360
2438,2438,137606161500,14,263690
2439,2439,41139927560,29,227100
2440,2440,154000000000,17,027050
2441,2441,1919073551000,12,004370
2442,2442,7391717000,2,000145
2443,2443,46102794080,26,051390
2444,2444,53371780160,5,119500
2445,2445,122980788000,29,100590
2446,2446,58406500000,16,131180
2447,2447,216019200000,32,108490
2448,2448,16641828315,7,038340
2449,2449,120467520000,39,222040
2450,2450,165593269000,8,190510
2451,2451,20666053554000,17,096770
2452,2452,42954620150,45,030720
2453,2453,5833020627500,22,020150
2454,2454,568755000000,26,032190
2455,2455,688128279750,2,192400
2456,2456,91192154960,47,041440
2457,2457,240099051360,2,229640
2458,2458,1991046608500,17,093370
2459,2459,138971902490,26,950170
2460,2460,414321633700,23,004980
2461,2461,59200000000,5,048470
2462,2462,454647294250,14,085370
2463,2463,127368357040,42,047080
2464,2464,232656222000,24,042370
2465,2465,193725000000,40,308170
2466,2466,348093539500,54,900140
2467,2467,551702536000,22,006405
2468,2468,60126423360,8,049520
2469,2469,345175300800,51,119860
2470,2470,2439704885060,27,047040
2471,2471,100145225840,8,101330
2472,2472,61056360685,33,011080
2473,2473,43789083360,36,054940
2474,2474,7891600000,24,349720
2475,2475,64070412435,18,059210
